forecast_week,store_id,model_id,category,store_segment,tier,price,forecast_units,available_units,demand_cap,priority_score,priority_per_rupee,allocated_units,allocated_value,unmet_forecast_units
53,ST001,MD052,Premium,Premium,Tier 1,96000.0,5.25,14,5,5.788125000000001,6.029296875000001e-05,5,480000.0,0.25
53,ST001,MD038,Mid-range,Premium,Tier 1,39900.0,5.0,37,5,5.5125,0.0001381578947368421,5,199500.0,0.0
53,ST001,MD010,Entry,Premium,Tier 1,9800.0,14.75,121,14,16.261875,0.001659375,14,137200.0,0.75
53,ST001,MD027,Mid-range,Premium,Tier 1,46300.0,2.0,27,2,2.205,4.762419006479482e-05,2,92600.0,0.0
53,ST001,MD055,Premium,Premium,Tier 1,75000.0,1.0,5,1,0.9975000000000002,1.3300000000000001e-05,1,75000.0,0.0
53,ST001,MD039,Upper-mid,Premium,Tier 1,51000.0,1.0,12,1,0.9975000000000002,1.9558823529411766e-05,1,51000.0,0.0
53,ST001,MD035,Mid-range,Premium,Tier 1,32400.0,1.5,19,1,1.49625,4.618055555555556e-05,1,32400.0,0.5
53,ST001,MD020,Budget,Premium,Tier 1,19500.0,1.0,5,1,0.9975000000000002,5.1153846153846164e-05,1,19500.0,0.0
53,ST001,MD001,Keypad,Premium,Tier 1,7600.0,0.75,6,0,0.748125,9.84375e-05,0,0.0,0.75
53,ST001,MD002,Keypad,Premium,Tier 1,7900.0,0.75,17,0,0.748125,9.46993670886076e-05,0,0.0,0.75
53,ST001,MD003,Keypad,Premium,Tier 1,6300.0,0.0,14,0,0.0,0.0,0,0.0,0.0
53,ST001,MD004,Keypad,Premium,Tier 1,8800.0,0.0,1,0,0.0,0.0,0,0.0,0.0
53,ST001,MD005,Entry,Premium,Tier 1,11600.0,0.0,2,0,0.0,0.0,0,0.0,0.0
53,ST001,MD006,Entry,Premium,Tier 1,13100.0,0.25,16,0,0.24937500000000004,1.9036259541984735e-05,0,0.0,0.25
53,ST001,MD007,Entry,Premium,Tier 1,14300.0,0.25,4,0,0.275625,1.9274475524475525e-05,0,0.0,0.25
53,ST001,MD008,Entry,Premium,Tier 1,8500.0,0.0,1,0,0.0,0.0,0,0.0,0.0
53,ST001,MD009,Entry,Premium,Tier 1,11500.0,0.0,3,0,0.0,0.0,0,0.0,0.0
53,ST001,MD011,Entry,Premium,Tier 1,12100.0,0.25,2,0,0.24937500000000004,2.060950413223141e-05,0,0.0,0.25
53,ST001,MD012,Entry,Premium,Tier 1,9100.0,4.0,132,4,4.41,0.0004846153846153846,0,0.0,4.0
53,ST001,MD013,Entry,Premium,Tier 1,14500.0,0.0,1,0,0.0,0.0,0,0.0,0.0
53,ST001,MD014,Budget,Premium,Tier 1,20600.0,0.0,1,0,0.0,0.0,0,0.0,0.0
53,ST001,MD015,Budget,Premium,Tier 1,16700.0,0.0,5,0,0.0,0.0,0,0.0,0.0
53,ST001,MD016,Budget,Premium,Tier 1,23300.0,1.25,69,1,1.378125,5.914699570815451e-05,0,0.0,1.25
53,ST001,MD017,Budget,Premium,Tier 1,19500.0,0.25,8,0,0.24937500000000004,1.2788461538461541e-05,0,0.0,0.25
53,ST001,MD018,Budget,Premium,Tier 1,15900.0,0.0,3,0,0.0,0.0,0,0.0,0.0
53,ST001,MD019,Budget,Premium,Tier 1,25600.0,0.75,23,0,0.7798170731707319,3.0461604420731715e-05,0,0.0,0.75
53,ST001,MD021,Budget,Premium,Tier 1,25200.0,1.75,62,1,1.9293750000000003,7.656250000000001e-05,0,0.0,1.75
53,ST001,MD022,Budget,Premium,Tier 1,21400.0,0.0,1,0,0.0,0.0,0,0.0,0.0
53,ST001,MD023,Budget,Premium,Tier 1,21300.0,0.25,1,0,0.275625,1.2940140845070422e-05,0,0.0,0.25
53,ST001,MD024,Budget,Premium,Tier 1,16600.0,0.0,19,0,0.0,0.0,0,0.0,0.0
53,ST001,MD025,Budget,Premium,Tier 1,16000.0,0.0,1,0,0.0,0.0,0,0.0,0.0
53,ST001,MD026,Mid-range,Premium,Tier 1,31900.0,0.0,1,0,0.0,0.0,0,0.0,0.0
53,ST001,MD028,Mid-range,Premium,Tier 1,36500.0,0.0,1,0,0.0,0.0,0,0.0,0.0
53,ST001,MD029,Mid-range,Premium,Tier 1,31600.0,0.0,1,0,0.0,0.0,0,0.0,0.0
53,ST001,MD030,Mid-range,Premium,Tier 1,27200.0,0.25,9,0,0.24937500000000004,9.168198529411766e-06,0,0.0,0.25
53,ST001,MD031,Mid-range,Premium,Tier 1,38400.0,0.0,1,0,0.0,0.0,0,0.0,0.0
53,ST001,MD032,Mid-range,Premium,Tier 1,42200.0,0.25,7,0,0.24937500000000004,5.909360189573461e-06,0,0.0,0.25
53,ST001,MD033,Mid-range,Premium,Tier 1,36100.0,0.0,1,0,0.0,0.0,0,0.0,0.0
53,ST001,MD034,Mid-range,Premium,Tier 1,44100.0,0.0,1,0,0.0,0.0,0,0.0,0.0
53,ST001,MD036,Mid-range,Premium,Tier 1,36400.0,0.0,1,0,0.0,0.0,0,0.0,0.0
53,ST001,MD037,Mid-range,Premium,Tier 1,35400.0,0.75,6,0,0.748125,2.1133474576271187e-05,0,0.0,0.75
53,ST001,MD040,Upper-mid,Premium,Tier 1,60000.0,0.0,1,0,0.0,0.0,0,0.0,0.0
53,ST001,MD041,Upper-mid,Premium,Tier 1,69300.0,0.0,2,0,0.0,0.0,0,0.0,0.0
53,ST001,MD042,Upper-mid,Premium,Tier 1,48300.0,0.0,1,0,0.0,0.0,0,0.0,0.0
53,ST001,MD043,Upper-mid,Premium,Tier 1,59500.0,0.25,6,0,0.24937500000000004,4.191176470588236e-06,0,0.0,0.25
53,ST001,MD044,Upper-mid,Premium,Tier 1,66900.0,0.75,10,0,0.8268750000000001,1.235986547085202e-05,0,0.0,0.75
53,ST001,MD045,Upper-mid,Premium,Tier 1,52500.0,0.0,1,0,0.0,0.0,0,0.0,0.0
53,ST001,MD046,Upper-mid,Premium,Tier 1,71500.0,0.25,5,0,0.24937500000000004,3.487762237762238e-06,0,0.0,0.25
53,ST001,MD047,Upper-mid,Premium,Tier 1,62300.0,0.0,1,0,0.0,0.0,0,0.0,0.0
53,ST001,MD048,Upper-mid,Premium,Tier 1,59900.0,0.25,4,0,0.24937500000000004,4.163188647746245e-06,0,0.0,0.25
53,ST001,MD049,Premium,Premium,Tier 1,70500.0,0.5,3,0,0.4987500000000001,7.074468085106384e-06,0,0.0,0.5
53,ST001,MD050,Premium,Premium,Tier 1,97100.0,0.5,14,0,0.55125,5.677136972193615e-06,0,0.0,0.5
53,ST001,MD051,Premium,Premium,Tier 1,82400.0,0.25,2,0,0.24937500000000004,3.0263956310679616e-06,0,0.0,0.25
53,ST001,MD053,Premium,Premium,Tier 1,82100.0,0.0,1,0,0.0,0.0,0,0.0,0.0
53,ST001,MD054,Premium,Premium,Tier 1,74400.0,0.0,1,0,0.0,0.0,0,0.0,0.0
53,ST001,MD056,Flagship,Premium,Tier 1,102800.0,0.0,1,0,0.0,0.0,0,0.0,0.0
53,ST001,MD057,Flagship,Premium,Tier 1,119700.0,0.25,2,0,0.24937500000000004,2.083333333333334e-06,0,0.0,0.25
53,ST001,MD058,Flagship,Premium,Tier 1,150000.0,0.75,2,0,0.8268750000000001,5.512500000000001e-06,0,0.0,0.75
53,ST001,MD059,Flagship,Premium,Tier 1,128600.0,0.0,1,0,0.0,0.0,0,0.0,0.0
53,ST001,MD060,Flagship,Premium,Tier 1,105100.0,0.0,1,0,0.0,0.0,0,0.0,0.0
53,ST002,MD038,Mid-range,Premium,Tier 1,39900.0,4.25,37,4,4.685625000000001,0.00011743421052631581,4,159600.0,0.25
53,ST002,MD050,Premium,Premium,Tier 1,97100.0,1.25,14,1,1.378125,1.4192842430484037e-05,1,97100.0,0.25
53,ST002,MD052,Premium,Premium,Tier 1,96000.0,1.25,14,1,1.378125,1.4355468750000001e-05,1,96000.0,0.25
53,ST002,MD010,Entry,Premium,Tier 1,9800.0,8.75,121,8,9.646875,0.000984375,8,78400.0,0.75
53,ST002,MD021,Budget,Premium,Tier 1,25200.0,3.25,62,3,3.5831250000000003,0.0001421875,3,75600.0,0.25
53,ST002,MD043,Upper-mid,Premium,Tier 1,59500.0,1.25,6,1,1.246875,2.0955882352941175e-05,1,59500.0,0.25
53,ST002,MD039,Upper-mid,Premium,Tier 1,51000.0,1.25,12,1,1.349342105263158,2.6457688338493295e-05,1,51000.0,0.25
53,ST002,MD030,Mid-range,Premium,Tier 1,27200.0,1.5,9,1,1.4985436893203885,5.5093517989720164e-05,1,27200.0,0.5
53,ST002,MD019,Budget,Premium,Tier 1,25600.0,1.0,23,1,1.010625,3.94775390625e-05,1,25600.0,0.0
53,ST002,MD002,Keypad,Premium,Tier 1,7900.0,1.25,17,1,1.246875,0.00015783227848101264,1,7900.0,0.25
53,ST002,MD001,Keypad,Premium,Tier 1,7600.0,0.25,6,0,0.24937500000000004,3.2812500000000005e-05,0,0.0,0.25
53,ST002,MD003,Keypad,Premium,Tier 1,6300.0,0.75,14,0,0.8268750000000001,0.00013125000000000002,0,0.0,0.75
53,ST002,MD004,Keypad,Premium,Tier 1,8800.0,0.0,1,0,0.0,0.0,0,0.0,0.0
53,ST002,MD005,Entry,Premium,Tier 1,11600.0,0.0,2,0,0.0,0.0,0,0.0,0.0
53,ST002,MD006,Entry,Premium,Tier 1,13100.0,0.0,16,0,0.0,0.0,0,0.0,0.0
53,ST002,MD007,Entry,Premium,Tier 1,14300.0,0.25,4,0,0.275625,1.9274475524475525e-05,0,0.0,0.25
53,ST002,MD008,Entry,Premium,Tier 1,8500.0,0.0,1,0,0.0,0.0,0,0.0,0.0
53,ST002,MD009,Entry,Premium,Tier 1,11500.0,0.0,3,0,0.0,0.0,0,0.0,0.0
53,ST002,MD011,Entry,Premium,Tier 1,12100.0,0.0,2,0,0.0,0.0,0,0.0,0.0
53,ST002,MD012,Entry,Premium,Tier 1,9100.0,6.25,132,6,6.890625,0.0007572115384615384,0,0.0,6.25
53,ST002,MD013,Entry,Premium,Tier 1,14500.0,0.0,1,0,0.0,0.0,0,0.0,0.0
53,ST002,MD014,Budget,Premium,Tier 1,20600.0,0.0,1,0,0.0,0.0,0,0.0,0.0
53,ST002,MD015,Budget,Premium,Tier 1,16700.0,0.0,5,0,0.0,0.0,0,0.0,0.0
53,ST002,MD016,Budget,Premium,Tier 1,23300.0,1.25,69,1,1.378125,5.914699570815451e-05,0,0.0,1.25
53,ST002,MD017,Budget,Premium,Tier 1,19500.0,0.25,8,0,0.24937500000000004,1.2788461538461541e-05,0,0.0,0.25
53,ST002,MD018,Budget,Premium,Tier 1,15900.0,0.0,3,0,0.0,0.0,0,0.0,0.0
53,ST002,MD020,Budget,Premium,Tier 1,19500.0,0.0,5,0,0.0,0.0,0,0.0,0.0
53,ST002,MD022,Budget,Premium,Tier 1,21400.0,0.0,1,0,0.0,0.0,0,0.0,0.0
53,ST002,MD023,Budget,Premium,Tier 1,21300.0,0.0,1,0,0.0,0.0,0,0.0,0.0
53,ST002,MD024,Budget,Premium,Tier 1,16600.0,0.25,19,0,0.24937500000000004,1.5022590361445786e-05,0,0.0,0.25
53,ST002,MD025,Budget,Premium,Tier 1,16000.0,0.0,1,0,0.0,0.0,0,0.0,0.0
53,ST002,MD026,Mid-range,Premium,Tier 1,31900.0,0.0,1,0,0.0,0.0,0,0.0,0.0
53,ST002,MD027,Mid-range,Premium,Tier 1,46300.0,0.75,27,0,0.7762500000000001,1.6765658747300218e-05,0,0.0,0.75
53,ST002,MD028,Mid-range,Premium,Tier 1,36500.0,0.0,1,0,0.0,0.0,0,0.0,0.0
53,ST002,MD029,Mid-range,Premium,Tier 1,31600.0,0.0,1,0,0.0,0.0,0,0.0,0.0
53,ST002,MD031,Mid-range,Premium,Tier 1,38400.0,0.0,1,0,0.0,0.0,0,0.0,0.0
53,ST002,MD032,Mid-range,Premium,Tier 1,42200.0,0.5,7,0,0.4987500000000001,1.1818720379146922e-05,0,0.0,0.5
53,ST002,MD033,Mid-range,Premium,Tier 1,36100.0,0.0,1,0,0.0,0.0,0,0.0,0.0
53,ST002,MD034,Mid-range,Premium,Tier 1,44100.0,0.25,1,0,0.24937500000000004,5.654761904761906e-06,0,0.0,0.25
53,ST002,MD035,Mid-range,Premium,Tier 1,32400.0,0.75,19,0,0.748125,2.309027777777778e-05,0,0.0,0.75
53,ST002,MD036,Mid-range,Premium,Tier 1,36400.0,0.0,1,0,0.0,0.0,0,0.0,0.0
53,ST002,MD037,Mid-range,Premium,Tier 1,35400.0,0.25,6,0,0.24937500000000004,7.04449152542373e-06,0,0.0,0.25
53,ST002,MD040,Upper-mid,Premium,Tier 1,60000.0,0.0,1,0,0.0,0.0,0,0.0,0.0
53,ST002,MD041,Upper-mid,Premium,Tier 1,69300.0,0.25,2,0,0.24937500000000004,3.598484848484849e-06,0,0.0,0.25
53,ST002,MD042,Upper-mid,Premium,Tier 1,48300.0,0.0,1,0,0.0,0.0,0,0.0,0.0
53,ST002,MD044,Upper-mid,Premium,Tier 1,66900.0,0.25,10,0,0.275625,4.119955156950672e-06,0,0.0,0.25
53,ST002,MD045,Upper-mid,Premium,Tier 1,52500.0,0.0,1,0,0.0,0.0,0,0.0,0.0
53,ST002,MD046,Upper-mid,Premium,Tier 1,71500.0,0.0,5,0,0.0,0.0,0,0.0,0.0
53,ST002,MD047,Upper-mid,Premium,Tier 1,62300.0,0.0,1,0,0.0,0.0,0,0.0,0.0
53,ST002,MD048,Upper-mid,Premium,Tier 1,59900.0,0.25,4,0,0.24937500000000004,4.163188647746245e-06,0,0.0,0.25
53,ST002,MD049,Premium,Premium,Tier 1,70500.0,0.25,3,0,0.24937500000000004,3.537234042553192e-06,0,0.0,0.25
53,ST002,MD051,Premium,Premium,Tier 1,82400.0,0.0,2,0,0.0,0.0,0,0.0,0.0
53,ST002,MD053,Premium,Premium,Tier 1,82100.0,0.0,1,0,0.0,0.0,0,0.0,0.0
53,ST002,MD054,Premium,Premium,Tier 1,74400.0,0.0,1,0,0.0,0.0,0,0.0,0.0
53,ST002,MD055,Premium,Premium,Tier 1,75000.0,0.5,5,0,0.4987500000000001,6.650000000000001e-06,0,0.0,0.5
53,ST002,MD056,Flagship,Premium,Tier 1,102800.0,0.0,1,0,0.0,0.0,0,0.0,0.0
53,ST002,MD057,Flagship,Premium,Tier 1,119700.0,0.25,2,0,0.24937500000000004,2.083333333333334e-06,0,0.0,0.25
53,ST002,MD058,Flagship,Premium,Tier 1,150000.0,0.25,2,0,0.275625,1.8375e-06,0,0.0,0.25
53,ST002,MD059,Flagship,Premium,Tier 1,128600.0,0.0,1,0,0.0,0.0,0,0.0,0.0
53,ST002,MD060,Flagship,Premium,Tier 1,105100.0,0.0,1,0,0.0,0.0,0,0.0,0.0
53,ST003,MD038,Mid-range,Premium,Tier 1,39900.0,5.0,37,5,5.5125,0.0001381578947368421,5,199500.0,0.0
53,ST003,MD050,Premium,Premium,Tier 1,97100.0,2.75,14,2,3.0318750000000003,3.122425334706488e-05,2,194200.0,0.75
53,ST003,MD052,Premium,Premium,Tier 1,96000.0,2.5,14,2,2.75625,2.8710937500000002e-05,2,192000.0,0.5
53,ST003,MD027,Mid-range,Premium,Tier 1,46300.0,3.0,27,3,3.3075000000000006,7.143628509719223e-05,3,138900.0,0.0
53,ST003,MD019,Budget,Premium,Tier 1,25600.0,5.25,23,5,5.236875000000001,0.00020456542968750005,5,128000.0,0.25
53,ST003,MD012,Entry,Premium,Tier 1,9100.0,8.5,132,8,9.371250000000002,0.0010298076923076925,8,72800.0,0.5
53,ST003,MD016,Budget,Premium,Tier 1,23300.0,3.0,69,3,3.3075000000000006,0.00014195278969957083,3,69900.0,0.0
53,ST003,MD044,Upper-mid,Premium,Tier 1,66900.0,1.75,10,1,1.9293750000000003,2.8839686098654713e-05,1,66900.0,0.75
53,ST003,MD035,Mid-range,Premium,Tier 1,32400.0,2.75,19,2,2.7431250000000005,8.466435185185187e-05,2,64800.0,0.75
53,ST003,MD010,Entry,Premium,Tier 1,9800.0,6.0,121,6,6.615000000000001,0.0006750000000000001,6,58800.0,0.0
53,ST003,MD017,Budget,Premium,Tier 1,19500.0,1.0,8,1,0.9975000000000002,5.1153846153846164e-05,1,19500.0,0.0
53,ST003,MD015,Budget,Premium,Tier 1,16700.0,1.0,5,1,0.9975000000000002,5.97305389221557e-05,1,16700.0,0.0
53,ST003,MD024,Budget,Premium,Tier 1,16600.0,1.75,19,1,1.76859375,0.0001065417921686747,1,16600.0,0.75
53,ST003,MD001,Keypad,Premium,Tier 1,7600.0,0.25,6,0,0.24937500000000004,3.2812500000000005e-05,0,0.0,0.25
53,ST003,MD002,Keypad,Premium,Tier 1,7900.0,0.25,17,0,0.24937500000000004,3.1566455696202536e-05,0,0.0,0.25
53,ST003,MD003,Keypad,Premium,Tier 1,6300.0,0.0,14,0,0.0,0.0,0,0.0,0.0
53,ST003,MD004,Keypad,Premium,Tier 1,8800.0,0.0,1,0,0.0,0.0,0,0.0,0.0
53,ST003,MD005,Entry,Premium,Tier 1,11600.0,0.0,2,0,0.0,0.0,0,0.0,0.0
53,ST003,MD006,Entry,Premium,Tier 1,13100.0,0.5,16,0,0.4987500000000001,3.807251908396947e-05,0,0.0,0.5
53,ST003,MD007,Entry,Premium,Tier 1,14300.0,0.0,4,0,0.0,0.0,0,0.0,0.0
53,ST003,MD008,Entry,Premium,Tier 1,8500.0,0.0,1,0,0.0,0.0,0,0.0,0.0
53,ST003,MD009,Entry,Premium,Tier 1,11500.0,0.25,3,0,0.24937500000000004,2.1684782608695657e-05,0,0.0,0.25
53,ST003,MD011,Entry,Premium,Tier 1,12100.0,0.0,2,0,0.0,0.0,0,0.0,0.0
53,ST003,MD013,Entry,Premium,Tier 1,14500.0,0.0,1,0,0.0,0.0,0,0.0,0.0
53,ST003,MD014,Budget,Premium,Tier 1,20600.0,0.0,1,0,0.0,0.0,0,0.0,0.0
53,ST003,MD018,Budget,Premium,Tier 1,15900.0,0.0,3,0,0.0,0.0,0,0.0,0.0
53,ST003,MD020,Budget,Premium,Tier 1,19500.0,0.0,5,0,0.0,0.0,0,0.0,0.0
53,ST003,MD021,Budget,Premium,Tier 1,25200.0,2.0,62,2,2.205,8.75e-05,0,0.0,2.0
53,ST003,MD022,Budget,Premium,Tier 1,21400.0,0.0,1,0,0.0,0.0,0,0.0,0.0
53,ST003,MD023,Budget,Premium,Tier 1,21300.0,0.0,1,0,0.0,0.0,0,0.0,0.0
53,ST003,MD025,Budget,Premium,Tier 1,16000.0,0.0,1,0,0.0,0.0,0,0.0,0.0
53,ST003,MD026,Mid-range,Premium,Tier 1,31900.0,0.0,1,0,0.0,0.0,0,0.0,0.0
53,ST003,MD028,Mid-range,Premium,Tier 1,36500.0,0.0,1,0,0.0,0.0,0,0.0,0.0
53,ST003,MD029,Mid-range,Premium,Tier 1,31600.0,0.0,1,0,0.0,0.0,0,0.0,0.0
53,ST003,MD030,Mid-range,Premium,Tier 1,27200.0,0.25,9,0,0.24937500000000004,9.168198529411766e-06,0,0.0,0.25
53,ST003,MD031,Mid-range,Premium,Tier 1,38400.0,0.0,1,0,0.0,0.0,0,0.0,0.0
53,ST003,MD032,Mid-range,Premium,Tier 1,42200.0,0.75,7,0,0.748125,1.772808056872038e-05,0,0.0,0.75
53,ST003,MD033,Mid-range,Premium,Tier 1,36100.0,0.0,1,0,0.0,0.0,0,0.0,0.0
53,ST003,MD034,Mid-range,Premium,Tier 1,44100.0,0.0,1,0,0.0,0.0,0,0.0,0.0
53,ST003,MD036,Mid-range,Premium,Tier 1,36400.0,0.0,1,0,0.0,0.0,0,0.0,0.0
53,ST003,MD037,Mid-range,Premium,Tier 1,35400.0,0.5,6,0,0.4987500000000001,1.408898305084746e-05,0,0.0,0.5
53,ST003,MD039,Upper-mid,Premium,Tier 1,51000.0,0.75,12,0,0.748125,1.4669117647058824e-05,0,0.0,0.75
53,ST003,MD040,Upper-mid,Premium,Tier 1,60000.0,0.0,1,0,0.0,0.0,0,0.0,0.0
53,ST003,MD041,Upper-mid,Premium,Tier 1,69300.0,0.5,2,0,0.4987500000000001,7.196969696969698e-06,0,0.0,0.5
53,ST003,MD042,Upper-mid,Premium,Tier 1,48300.0,0.0,1,0,0.0,0.0,0,0.0,0.0
53,ST003,MD043,Upper-mid,Premium,Tier 1,59500.0,0.0,6,0,0.0,0.0,0,0.0,0.0
53,ST003,MD045,Upper-mid,Premium,Tier 1,52500.0,0.25,1,0,0.24937500000000004,4.750000000000001e-06,0,0.0,0.25
53,ST003,MD046,Upper-mid,Premium,Tier 1,71500.0,0.25,5,0,0.24937500000000004,3.487762237762238e-06,0,0.0,0.25
53,ST003,MD047,Upper-mid,Premium,Tier 1,62300.0,0.0,1,0,0.0,0.0,0,0.0,0.0
53,ST003,MD048,Upper-mid,Premium,Tier 1,59900.0,0.0,4,0,0.0,0.0,0,0.0,0.0
53,ST003,MD049,Premium,Premium,Tier 1,70500.0,0.5,3,0,0.4987500000000001,7.074468085106384e-06,0,0.0,0.5
53,ST003,MD051,Premium,Premium,Tier 1,82400.0,0.5,2,0,0.4987500000000001,6.052791262135923e-06,0,0.0,0.5
53,ST003,MD053,Premium,Premium,Tier 1,82100.0,0.0,1,0,0.0,0.0,0,0.0,0.0
53,ST003,MD054,Premium,Premium,Tier 1,74400.0,0.0,1,0,0.0,0.0,0,0.0,0.0
53,ST003,MD055,Premium,Premium,Tier 1,75000.0,0.75,5,0,0.748125,9.975e-06,0,0.0,0.75
53,ST003,MD056,Flagship,Premium,Tier 1,102800.0,0.0,1,0,0.0,0.0,0,0.0,0.0
53,ST003,MD057,Flagship,Premium,Tier 1,119700.0,0.25,2,0,0.24937500000000004,2.083333333333334e-06,0,0.0,0.25
53,ST003,MD058,Flagship,Premium,Tier 1,150000.0,0.0,2,0,0.0,0.0,0,0.0,0.0
53,ST003,MD059,Flagship,Premium,Tier 1,128600.0,0.0,1,0,0.0,0.0,0,0.0,0.0
53,ST003,MD060,Flagship,Premium,Tier 1,105100.0,0.5,1,0,0.4987500000000001,4.7454804947668895e-06,0,0.0,0.5
53,ST004,MD038,Mid-range,Premium,Tier 1,39900.0,4.0,37,4,4.41,0.00011052631578947369,4,159600.0,0.0
53,ST004,MD027,Mid-range,Premium,Tier 1,46300.0,2.25,27,2,2.4806250000000003,5.357721382289418e-05,2,92600.0,0.25
53,ST004,MD044,Upper-mid,Premium,Tier 1,66900.0,1.0,10,1,1.1025,1.647982062780269e-05,1,66900.0,0.0
53,ST004,MD010,Entry,Premium,Tier 1,9800.0,6.5,121,6,7.166250000000001,0.00073125,6,58800.0,0.5
53,ST004,MD019,Budget,Premium,Tier 1,25600.0,1.75,23,1,1.9293750000000003,7.536621093750001e-05,1,25600.0,0.75
53,ST004,MD001,Keypad,Premium,Tier 1,7600.0,0.0,6,0,0.0,0.0,0,0.0,0.0
53,ST004,MD002,Keypad,Premium,Tier 1,7900.0,0.0,17,0,0.0,0.0,0,0.0,0.0
53,ST004,MD003,Keypad,Premium,Tier 1,6300.0,0.0,14,0,0.0,0.0,0,0.0,0.0
53,ST004,MD004,Keypad,Premium,Tier 1,8800.0,0.0,1,0,0.0,0.0,0,0.0,0.0
53,ST004,MD005,Entry,Premium,Tier 1,11600.0,0.0,2,0,0.0,0.0,0,0.0,0.0
53,ST004,MD006,Entry,Premium,Tier 1,13100.0,0.5,16,0,0.4987500000000001,3.807251908396947e-05,0,0.0,0.5
53,ST004,MD007,Entry,Premium,Tier 1,14300.0,0.0,4,0,0.0,0.0,0,0.0,0.0
53,ST004,MD008,Entry,Premium,Tier 1,8500.0,0.0,1,0,0.0,0.0,0,0.0,0.0
53,ST004,MD009,Entry,Premium,Tier 1,11500.0,0.0,3,0,0.0,0.0,0,0.0,0.0
53,ST004,MD011,Entry,Premium,Tier 1,12100.0,0.0,2,0,0.0,0.0,0,0.0,0.0
53,ST004,MD012,Entry,Premium,Tier 1,9100.0,1.75,132,1,1.9293750000000003,0.0002120192307692308,0,0.0,1.75
53,ST004,MD013,Entry,Premium,Tier 1,14500.0,0.0,1,0,0.0,0.0,0,0.0,0.0
53,ST004,MD014,Budget,Premium,Tier 1,20600.0,0.0,1,0,0.0,0.0,0,0.0,0.0
53,ST004,MD015,Budget,Premium,Tier 1,16700.0,0.25,5,0,0.24937500000000004,1.4932634730538925e-05,0,0.0,0.25
53,ST004,MD016,Budget,Premium,Tier 1,23300.0,1.75,69,1,1.9293750000000003,8.280579399141632e-05,0,0.0,1.75
53,ST004,MD017,Budget,Premium,Tier 1,19500.0,0.0,8,0,0.0,0.0,0,0.0,0.0
53,ST004,MD018,Budget,Premium,Tier 1,15900.0,0.25,3,0,0.266875,1.678459119496855e-05,0,0.0,0.25
53,ST004,MD020,Budget,Premium,Tier 1,19500.0,0.0,5,0,0.0,0.0,0,0.0,0.0
53,ST004,MD021,Budget,Premium,Tier 1,25200.0,0.25,62,0,0.275625,1.09375e-05,0,0.0,0.25
53,ST004,MD022,Budget,Premium,Tier 1,21400.0,0.0,1,0,0.0,0.0,0,0.0,0.0
53,ST004,MD023,Budget,Premium,Tier 1,21300.0,0.0,1,0,0.0,0.0,0,0.0,0.0
53,ST004,MD024,Budget,Premium,Tier 1,16600.0,0.5,19,0,0.4987500000000001,3.0045180722891572e-05,0,0.0,0.5
53,ST004,MD025,Budget,Premium,Tier 1,16000.0,0.0,1,0,0.0,0.0,0,0.0,0.0
53,ST004,MD026,Mid-range,Premium,Tier 1,31900.0,0.0,1,0,0.0,0.0,0,0.0,0.0
53,ST004,MD028,Mid-range,Premium,Tier 1,36500.0,0.0,1,0,0.0,0.0,0,0.0,0.0
53,ST004,MD029,Mid-range,Premium,Tier 1,31600.0,0.0,1,0,0.0,0.0,0,0.0,0.0
53,ST004,MD030,Mid-range,Premium,Tier 1,27200.0,0.5,9,0,0.4987500000000001,1.8336397058823532e-05,0,0.0,0.5
53,ST004,MD031,Mid-range,Premium,Tier 1,38400.0,0.0,1,0,0.0,0.0,0,0.0,0.0
53,ST004,MD032,Mid-range,Premium,Tier 1,42200.0,0.0,7,0,0.0,0.0,0,0.0,0.0
53,ST004,MD033,Mid-range,Premium,Tier 1,36100.0,0.0,1,0,0.0,0.0,0,0.0,0.0
53,ST004,MD034,Mid-range,Premium,Tier 1,44100.0,0.0,1,0,0.0,0.0,0,0.0,0.0
53,ST004,MD035,Mid-range,Premium,Tier 1,32400.0,0.75,19,0,0.8268750000000001,2.5520833333333338e-05,0,0.0,0.75
53,ST004,MD036,Mid-range,Premium,Tier 1,36400.0,0.0,1,0,0.0,0.0,0,0.0,0.0
53,ST004,MD037,Mid-range,Premium,Tier 1,35400.0,0.0,6,0,0.0,0.0,0,0.0,0.0
53,ST004,MD039,Upper-mid,Premium,Tier 1,51000.0,0.5,12,0,0.4987500000000001,9.779411764705883e-06,0,0.0,0.5
53,ST004,MD040,Upper-mid,Premium,Tier 1,60000.0,0.0,1,0,0.0,0.0,0,0.0,0.0
53,ST004,MD041,Upper-mid,Premium,Tier 1,69300.0,0.0,2,0,0.0,0.0,0,0.0,0.0
53,ST004,MD042,Upper-mid,Premium,Tier 1,48300.0,0.0,1,0,0.0,0.0,0,0.0,0.0
53,ST004,MD043,Upper-mid,Premium,Tier 1,59500.0,0.25,6,0,0.24937500000000004,4.191176470588236e-06,0,0.0,0.25
53,ST004,MD045,Upper-mid,Premium,Tier 1,52500.0,0.0,1,0,0.0,0.0,0,0.0,0.0
53,ST004,MD046,Upper-mid,Premium,Tier 1,71500.0,0.0,5,0,0.0,0.0,0,0.0,0.0
53,ST004,MD047,Upper-mid,Premium,Tier 1,62300.0,0.0,1,0,0.0,0.0,0,0.0,0.0
53,ST004,MD048,Upper-mid,Premium,Tier 1,59900.0,0.25,4,0,0.24937500000000004,4.163188647746245e-06,0,0.0,0.25
53,ST004,MD049,Premium,Premium,Tier 1,70500.0,0.5,3,0,0.4987500000000001,7.074468085106384e-06,0,0.0,0.5
53,ST004,MD050,Premium,Premium,Tier 1,97100.0,0.5,14,0,0.55125,5.677136972193615e-06,0,0.0,0.5
53,ST004,MD051,Premium,Premium,Tier 1,82400.0,0.0,2,0,0.0,0.0,0,0.0,0.0
53,ST004,MD052,Premium,Premium,Tier 1,96000.0,0.75,14,0,0.8268750000000001,8.613281250000001e-06,0,0.0,0.75
53,ST004,MD053,Premium,Premium,Tier 1,82100.0,0.0,1,0,0.0,0.0,0,0.0,0.0
53,ST004,MD054,Premium,Premium,Tier 1,74400.0,0.25,1,0,0.266875,3.5870295698924726e-06,0,0.0,0.25
53,ST004,MD055,Premium,Premium,Tier 1,75000.0,0.0,5,0,0.0,0.0,0,0.0,0.0
53,ST004,MD056,Flagship,Premium,Tier 1,102800.0,0.0,1,0,0.0,0.0,0,0.0,0.0
53,ST004,MD057,Flagship,Premium,Tier 1,119700.0,0.0,2,0,0.0,0.0,0,0.0,0.0
53,ST004,MD058,Flagship,Premium,Tier 1,150000.0,0.0,2,0,0.0,0.0,0,0.0,0.0
53,ST004,MD059,Flagship,Premium,Tier 1,128600.0,0.0,1,0,0.0,0.0,0,0.0,0.0
53,ST004,MD060,Flagship,Premium,Tier 1,105100.0,0.0,1,0,0.0,0.0,0,0.0,0.0
53,ST005,MD038,Mid-range,Premium,Tier 1,39900.0,4.0,37,4,4.41,0.00011052631578947369,4,159600.0,0.0
53,ST005,MD044,Upper-mid,Premium,Tier 1,66900.0,2.0,10,2,2.205,3.295964125560538e-05,2,133800.0,0.0
53,ST005,MD035,Mid-range,Premium,Tier 1,32400.0,4.0,19,4,4.41,0.00013611111111111113,4,129600.0,0.0
53,ST005,MD057,Flagship,Premium,Tier 1,119700.0,1.5,2,1,1.49625,1.25e-05,1,119700.0,0.5
53,ST005,MD019,Budget,Premium,Tier 1,25600.0,4.0,23,4,4.3471186440677965,0.0001698093220338983,4,102400.0,0.0
53,ST005,MD027,Mid-range,Premium,Tier 1,46300.0,2.5,27,2,2.75625,5.953023758099352e-05,2,92600.0,0.5
53,ST005,MD046,Upper-mid,Premium,Tier 1,71500.0,1.0,5,1,0.9975000000000002,1.3951048951048953e-05,1,71500.0,0.0
53,ST005,MD043,Upper-mid,Premium,Tier 1,59500.0,1.0,6,1,0.9975000000000002,1.6764705882352943e-05,1,59500.0,0.0
53,ST005,MD039,Upper-mid,Premium,Tier 1,51000.0,1.5,12,1,1.5920270270270274,3.1216216216216224e-05,1,51000.0,0.5
53,ST005,MD037,Mid-range,Premium,Tier 1,35400.0,1.5,6,1,1.49625,4.2266949152542374e-05,1,35400.0,0.5
53,ST005,MD024,Budget,Premium,Tier 1,16600.0,2.0,19,2,2.1547826086956525,0.00012980618124672607,2,33200.0,0.0
53,ST005,MD001,Keypad,Premium,Tier 1,7600.0,0.25,6,0,0.24937500000000004,3.2812500000000005e-05,0,0.0,0.25
53,ST005,MD002,Keypad,Premium,Tier 1,7900.0,0.5,17,0,0.4987500000000001,6.313291139240507e-05,0,0.0,0.5
53,ST005,MD003,Keypad,Premium,Tier 1,6300.0,0.75,14,0,0.8268750000000001,0.00013125000000000002,0,0.0,0.75
53,ST005,MD004,Keypad,Premium,Tier 1,8800.0,0.0,1,0,0.0,0.0,0,0.0,0.0
53,ST005,MD005,Entry,Premium,Tier 1,11600.0,0.0,2,0,0.0,0.0,0,0.0,0.0
53,ST005,MD006,Entry,Premium,Tier 1,13100.0,0.5,16,0,0.4987500000000001,3.807251908396947e-05,0,0.0,0.5
53,ST005,MD007,Entry,Premium,Tier 1,14300.0,0.5,4,0,0.55125,3.854895104895105e-05,0,0.0,0.5
53,ST005,MD008,Entry,Premium,Tier 1,8500.0,0.0,1,0,0.0,0.0,0,0.0,0.0
53,ST005,MD009,Entry,Premium,Tier 1,11500.0,0.0,3,0,0.0,0.0,0,0.0,0.0
53,ST005,MD010,Entry,Premium,Tier 1,9800.0,4.5,121,4,4.961250000000001,0.0005062500000000001,0,0.0,4.5
53,ST005,MD011,Entry,Premium,Tier 1,12100.0,0.0,2,0,0.0,0.0,0,0.0,0.0
53,ST005,MD012,Entry,Premium,Tier 1,9100.0,4.25,132,4,4.685625000000001,0.0005149038461538462,0,0.0,4.25
53,ST005,MD013,Entry,Premium,Tier 1,14500.0,0.0,1,0,0.0,0.0,0,0.0,0.0
53,ST005,MD014,Budget,Premium,Tier 1,20600.0,0.0,1,0,0.0,0.0,0,0.0,0.0
53,ST005,MD015,Budget,Premium,Tier 1,16700.0,0.5,5,0,0.4987500000000001,2.986526946107785e-05,0,0.0,0.5
53,ST005,MD016,Budget,Premium,Tier 1,23300.0,2.5,69,2,2.75625,0.00011829399141630902,0,0.0,2.5
53,ST005,MD017,Budget,Premium,Tier 1,19500.0,0.25,8,0,0.24937500000000004,1.2788461538461541e-05,0,0.0,0.25
53,ST005,MD018,Budget,Premium,Tier 1,15900.0,0.0,3,0,0.0,0.0,0,0.0,0.0
53,ST005,MD020,Budget,Premium,Tier 1,19500.0,0.0,5,0,0.0,0.0,0,0.0,0.0
53,ST005,MD021,Budget,Premium,Tier 1,25200.0,2.25,62,2,2.4806250000000003,9.843750000000001e-05,0,0.0,2.25
53,ST005,MD022,Budget,Premium,Tier 1,21400.0,0.0,1,0,0.0,0.0,0,0.0,0.0
53,ST005,MD023,Budget,Premium,Tier 1,21300.0,0.0,1,0,0.0,0.0,0,0.0,0.0
53,ST005,MD025,Budget,Premium,Tier 1,16000.0,0.0,1,0,0.0,0.0,0,0.0,0.0
53,ST005,MD026,Mid-range,Premium,Tier 1,31900.0,0.25,1,0,0.24937500000000004,7.817398119122259e-06,0,0.0,0.25
53,ST005,MD028,Mid-range,Premium,Tier 1,36500.0,0.0,1,0,0.0,0.0,0,0.0,0.0
53,ST005,MD029,Mid-range,Premium,Tier 1,31600.0,0.0,1,0,0.0,0.0,0,0.0,0.0
53,ST005,MD030,Mid-range,Premium,Tier 1,27200.0,0.5,9,0,0.4987500000000001,1.8336397058823532e-05,0,0.0,0.5
53,ST005,MD031,Mid-range,Premium,Tier 1,38400.0,0.0,1,0,0.0,0.0,0,0.0,0.0
53,ST005,MD032,Mid-range,Premium,Tier 1,42200.0,0.25,7,0,0.24937500000000004,5.909360189573461e-06,0,0.0,0.25
53,ST005,MD033,Mid-range,Premium,Tier 1,36100.0,0.0,1,0,0.0,0.0,0,0.0,0.0
53,ST005,MD034,Mid-range,Premium,Tier 1,44100.0,0.25,1,0,0.24937500000000004,5.654761904761906e-06,0,0.0,0.25
53,ST005,MD036,Mid-range,Premium,Tier 1,36400.0,0.0,1,0,0.0,0.0,0,0.0,0.0
53,ST005,MD040,Upper-mid,Premium,Tier 1,60000.0,0.0,1,0,0.0,0.0,0,0.0,0.0
53,ST005,MD041,Upper-mid,Premium,Tier 1,69300.0,0.25,2,0,0.24937500000000004,3.598484848484849e-06,0,0.0,0.25
53,ST005,MD042,Upper-mid,Premium,Tier 1,48300.0,0.0,1,0,0.0,0.0,0,0.0,0.0
53,ST005,MD045,Upper-mid,Premium,Tier 1,52500.0,0.0,1,0,0.0,0.0,0,0.0,0.0
53,ST005,MD047,Upper-mid,Premium,Tier 1,62300.0,0.0,1,0,0.0,0.0,0,0.0,0.0
53,ST005,MD048,Upper-mid,Premium,Tier 1,59900.0,0.25,4,0,0.24937500000000004,4.163188647746245e-06,0,0.0,0.25
53,ST005,MD049,Premium,Premium,Tier 1,70500.0,0.5,3,0,0.5080645161290323,7.206588881262869e-06,0,0.0,0.5
53,ST005,MD050,Premium,Premium,Tier 1,97100.0,0.0,14,0,0.0,0.0,0,0.0,0.0
53,ST005,MD051,Premium,Premium,Tier 1,82400.0,0.0,2,0,0.0,0.0,0,0.0,0.0
53,ST005,MD052,Premium,Premium,Tier 1,96000.0,0.5,14,0,0.55125,5.7421875e-06,0,0.0,0.5
53,ST005,MD053,Premium,Premium,Tier 1,82100.0,0.0,1,0,0.0,0.0,0,0.0,0.0
53,ST005,MD054,Premium,Premium,Tier 1,74400.0,0.0,1,0,0.0,0.0,0,0.0,0.0
53,ST005,MD055,Premium,Premium,Tier 1,75000.0,0.0,5,0,0.0,0.0,0,0.0,0.0
53,ST005,MD056,Flagship,Premium,Tier 1,102800.0,0.0,1,0,0.0,0.0,0,0.0,0.0
53,ST005,MD058,Flagship,Premium,Tier 1,150000.0,0.5,2,0,0.55125,3.675e-06,0,0.0,0.5
53,ST005,MD059,Flagship,Premium,Tier 1,128600.0,0.0,1,0,0.0,0.0,0,0.0,0.0
53,ST005,MD060,Flagship,Premium,Tier 1,105100.0,0.0,1,0,0.0,0.0,0,0.0,0.0
53,ST006,MD050,Premium,Premium,Tier 1,97100.0,3.25,14,3,3.5831250000000003,3.69013903192585e-05,3,291300.0,0.25
53,ST006,MD016,Budget,Premium,Tier 1,23300.0,10.75,69,10,11.851875,0.0005086641630901288,10,233000.0,0.75
53,ST006,MD021,Budget,Premium,Tier 1,25200.0,8.25,62,8,9.095625,0.0003609375,8,201600.0,0.25
53,ST006,MD038,Mid-range,Premium,Tier 1,39900.0,4.5,37,4,4.961250000000001,0.00012434210526315791,4,159600.0,0.5
53,ST006,MD010,Entry,Premium,Tier 1,9800.0,12.0,121,12,13.230000000000002,0.0013500000000000003,12,117600.0,0.0
53,ST006,MD055,Premium,Premium,Tier 1,75000.0,1.5,5,1,1.49625,1.995e-05,1,75000.0,0.5
53,ST006,MD044,Upper-mid,Premium,Tier 1,66900.0,1.25,10,1,1.378125,2.0599775784753363e-05,1,66900.0,0.25
53,ST006,MD012,Entry,Premium,Tier 1,9100.0,7.75,132,7,8.544375000000002,0.000938942307692308,7,63700.0,0.75
53,ST006,MD039,Upper-mid,Premium,Tier 1,51000.0,1.5,12,1,1.49625,2.9338235294117648e-05,1,51000.0,0.5
53,ST006,MD030,Mid-range,Premium,Tier 1,27200.0,1.25,9,1,1.246875,4.5840992647058824e-05,1,27200.0,0.25
53,ST006,MD006,Entry,Premium,Tier 1,13100.0,2.75,16,2,2.7431250000000005,0.0002093988549618321,2,26200.0,0.75
53,ST006,MD019,Budget,Premium,Tier 1,25600.0,1.75,23,1,1.7456250000000002,6.818847656250001e-05,1,25600.0,0.75
53,ST006,MD002,Keypad,Premium,Tier 1,7900.0,1.0,17,1,0.9975000000000002,0.00012626582278481014,1,7900.0,0.0
53,ST006,MD001,Keypad,Premium,Tier 1,7600.0,0.0,6,0,0.0,0.0,0,0.0,0.0
53,ST006,MD003,Keypad,Premium,Tier 1,6300.0,0.25,14,0,0.275625,4.375e-05,0,0.0,0.25
53,ST006,MD004,Keypad,Premium,Tier 1,8800.0,0.0,1,0,0.0,0.0,0,0.0,0.0
53,ST006,MD005,Entry,Premium,Tier 1,11600.0,0.0,2,0,0.0,0.0,0,0.0,0.0
53,ST006,MD007,Entry,Premium,Tier 1,14300.0,0.0,4,0,0.0,0.0,0,0.0,0.0
53,ST006,MD008,Entry,Premium,Tier 1,8500.0,0.0,1,0,0.0,0.0,0,0.0,0.0
53,ST006,MD009,Entry,Premium,Tier 1,11500.0,0.25,3,0,0.24937500000000004,2.1684782608695657e-05,0,0.0,0.25
53,ST006,MD011,Entry,Premium,Tier 1,12100.0,0.0,2,0,0.0,0.0,0,0.0,0.0
53,ST006,MD013,Entry,Premium,Tier 1,14500.0,0.0,1,0,0.0,0.0,0,0.0,0.0
53,ST006,MD014,Budget,Premium,Tier 1,20600.0,0.0,1,0,0.0,0.0,0,0.0,0.0
53,ST006,MD015,Budget,Premium,Tier 1,16700.0,0.0,5,0,0.0,0.0,0,0.0,0.0
53,ST006,MD017,Budget,Premium,Tier 1,19500.0,0.5,8,0,0.4987500000000001,2.5576923076923082e-05,0,0.0,0.5
53,ST006,MD018,Budget,Premium,Tier 1,15900.0,0.75,3,0,0.748125,4.705188679245283e-05,0,0.0,0.75
53,ST006,MD020,Budget,Premium,Tier 1,19500.0,0.0,5,0,0.0,0.0,0,0.0,0.0
53,ST006,MD022,Budget,Premium,Tier 1,21400.0,0.0,1,0,0.0,0.0,0,0.0,0.0
53,ST006,MD023,Budget,Premium,Tier 1,21300.0,0.0,1,0,0.0,0.0,0,0.0,0.0
53,ST006,MD024,Budget,Premium,Tier 1,16600.0,0.75,19,0,0.748125,4.506777108433735e-05,0,0.0,0.75
53,ST006,MD025,Budget,Premium,Tier 1,16000.0,0.0,1,0,0.0,0.0,0,0.0,0.0
53,ST006,MD026,Mid-range,Premium,Tier 1,31900.0,0.25,1,0,0.24937500000000004,7.817398119122259e-06,0,0.0,0.25
53,ST006,MD027,Mid-range,Premium,Tier 1,46300.0,0.25,27,0,0.25875000000000004,5.588552915766739e-06,0,0.0,0.25
53,ST006,MD028,Mid-range,Premium,Tier 1,36500.0,0.0,1,0,0.0,0.0,0,0.0,0.0
53,ST006,MD029,Mid-range,Premium,Tier 1,31600.0,0.0,1,0,0.0,0.0,0,0.0,0.0
53,ST006,MD031,Mid-range,Premium,Tier 1,38400.0,0.0,1,0,0.0,0.0,0,0.0,0.0
53,ST006,MD032,Mid-range,Premium,Tier 1,42200.0,0.75,7,0,0.748125,1.772808056872038e-05,0,0.0,0.75
53,ST006,MD033,Mid-range,Premium,Tier 1,36100.0,0.0,1,0,0.0,0.0,0,0.0,0.0
53,ST006,MD034,Mid-range,Premium,Tier 1,44100.0,0.0,1,0,0.0,0.0,0,0.0,0.0
53,ST006,MD035,Mid-range,Premium,Tier 1,32400.0,0.25,19,0,0.24937500000000004,7.69675925925926e-06,0,0.0,0.25
53,ST006,MD036,Mid-range,Premium,Tier 1,36400.0,0.0,1,0,0.0,0.0,0,0.0,0.0
53,ST006,MD037,Mid-range,Premium,Tier 1,35400.0,0.25,6,0,0.24937500000000004,7.04449152542373e-06,0,0.0,0.25
53,ST006,MD040,Upper-mid,Premium,Tier 1,60000.0,0.0,1,0,0.0,0.0,0,0.0,0.0
53,ST006,MD041,Upper-mid,Premium,Tier 1,69300.0,0.0,2,0,0.0,0.0,0,0.0,0.0
53,ST006,MD042,Upper-mid,Premium,Tier 1,48300.0,0.0,1,0,0.0,0.0,0,0.0,0.0
53,ST006,MD043,Upper-mid,Premium,Tier 1,59500.0,0.25,6,0,0.24937500000000004,4.191176470588236e-06,0,0.0,0.25
53,ST006,MD045,Upper-mid,Premium,Tier 1,52500.0,0.0,1,0,0.0,0.0,0,0.0,0.0
53,ST006,MD046,Upper-mid,Premium,Tier 1,71500.0,0.0,5,0,0.0,0.0,0,0.0,0.0
53,ST006,MD047,Upper-mid,Premium,Tier 1,62300.0,0.0,1,0,0.0,0.0,0,0.0,0.0
53,ST006,MD048,Upper-mid,Premium,Tier 1,59900.0,0.25,4,0,0.24937500000000004,4.163188647746245e-06,0,0.0,0.25
53,ST006,MD049,Premium,Premium,Tier 1,70500.0,0.0,3,0,0.0,0.0,0,0.0,0.0
53,ST006,MD051,Premium,Premium,Tier 1,82400.0,0.0,2,0,0.0,0.0,0,0.0,0.0
53,ST006,MD052,Premium,Premium,Tier 1,96000.0,0.5,14,0,0.55125,5.7421875e-06,0,0.0,0.5
53,ST006,MD053,Premium,Premium,Tier 1,82100.0,0.0,1,0,0.0,0.0,0,0.0,0.0
53,ST006,MD054,Premium,Premium,Tier 1,74400.0,0.0,1,0,0.0,0.0,0,0.0,0.0
53,ST006,MD056,Flagship,Premium,Tier 1,102800.0,0.0,1,0,0.0,0.0,0,0.0,0.0
53,ST006,MD057,Flagship,Premium,Tier 1,119700.0,0.0,2,0,0.0,0.0,0,0.0,0.0
53,ST006,MD058,Flagship,Premium,Tier 1,150000.0,0.0,2,0,0.0,0.0,0,0.0,0.0
53,ST006,MD059,Flagship,Premium,Tier 1,128600.0,0.0,1,0,0.0,0.0,0,0.0,0.0
53,ST006,MD060,Flagship,Premium,Tier 1,105100.0,0.25,1,0,0.27204545454545453,2.5884439062364847e-06,0,0.0,0.25
53,ST007,MD050,Premium,Premium,Tier 1,97100.0,2.0,14,2,2.205,2.270854788877446e-05,2,194200.0,0.0
53,ST007,MD012,Entry,Premium,Tier 1,9100.0,14.25,132,14,15.710625,0.0017264423076923077,14,127400.0,0.25
53,ST007,MD052,Premium,Premium,Tier 1,96000.0,1.0,14,1,1.1025,1.1484375e-05,1,96000.0,0.0
53,ST007,MD038,Mid-range,Premium,Tier 1,39900.0,2.0,37,2,2.205,5.5263157894736845e-05,2,79800.0,0.0
53,ST007,MD021,Budget,Premium,Tier 1,25200.0,3.5,62,3,3.8587500000000006,0.00015312500000000002,3,75600.0,0.5
53,ST007,MD017,Budget,Premium,Tier 1,19500.0,2.0,8,2,1.9950000000000003,0.00010230769230769233,2,39000.0,0.0
53,ST007,MD019,Budget,Premium,Tier 1,25600.0,1.5,23,1,1.6267164179104476,6.354361007462686e-05,1,25600.0,0.5
53,ST007,MD024,Budget,Premium,Tier 1,16600.0,1.75,19,1,1.7456250000000002,0.00010515813253012049,1,16600.0,0.75
53,ST007,MD003,Keypad,Premium,Tier 1,6300.0,1.75,14,1,1.9293750000000003,0.00030625000000000004,1,6300.0,0.75
53,ST007,MD001,Keypad,Premium,Tier 1,7600.0,0.25,6,0,0.24937500000000004,3.2812500000000005e-05,0,0.0,0.25
53,ST007,MD002,Keypad,Premium,Tier 1,7900.0,0.25,17,0,0.24937500000000004,3.1566455696202536e-05,0,0.0,0.25
53,ST007,MD004,Keypad,Premium,Tier 1,8800.0,0.0,1,0,0.0,0.0,0,0.0,0.0
53,ST007,MD005,Entry,Premium,Tier 1,11600.0,0.25,2,0,0.275625,2.3760775862068967e-05,0,0.0,0.25
53,ST007,MD006,Entry,Premium,Tier 1,13100.0,0.0,16,0,0.0,0.0,0,0.0,0.0
53,ST007,MD007,Entry,Premium,Tier 1,14300.0,0.0,4,0,0.0,0.0,0,0.0,0.0
53,ST007,MD008,Entry,Premium,Tier 1,8500.0,0.0,1,0,0.0,0.0,0,0.0,0.0
53,ST007,MD009,Entry,Premium,Tier 1,11500.0,0.0,3,0,0.0,0.0,0,0.0,0.0
53,ST007,MD010,Entry,Premium,Tier 1,9800.0,2.0,121,2,2.205,0.000225,0,0.0,2.0
53,ST007,MD011,Entry,Premium,Tier 1,12100.0,0.0,2,0,0.0,0.0,0,0.0,0.0
53,ST007,MD013,Entry,Premium,Tier 1,14500.0,0.0,1,0,0.0,0.0,0,0.0,0.0
53,ST007,MD014,Budget,Premium,Tier 1,20600.0,0.0,1,0,0.0,0.0,0,0.0,0.0
53,ST007,MD015,Budget,Premium,Tier 1,16700.0,0.0,5,0,0.0,0.0,0,0.0,0.0
53,ST007,MD016,Budget,Premium,Tier 1,23300.0,1.75,69,1,1.9293750000000003,8.280579399141632e-05,0,0.0,1.75
53,ST007,MD018,Budget,Premium,Tier 1,15900.0,0.0,3,0,0.0,0.0,0,0.0,0.0
53,ST007,MD020,Budget,Premium,Tier 1,19500.0,0.0,5,0,0.0,0.0,0,0.0,0.0
53,ST007,MD022,Budget,Premium,Tier 1,21400.0,0.0,1,0,0.0,0.0,0,0.0,0.0
53,ST007,MD023,Budget,Premium,Tier 1,21300.0,0.0,1,0,0.0,0.0,0,0.0,0.0
53,ST007,MD025,Budget,Premium,Tier 1,16000.0,0.0,1,0,0.0,0.0,0,0.0,0.0
53,ST007,MD026,Mid-range,Premium,Tier 1,31900.0,0.0,1,0,0.0,0.0,0,0.0,0.0
53,ST007,MD027,Mid-range,Premium,Tier 1,46300.0,0.75,27,0,0.8268750000000001,1.7859071274298058e-05,0,0.0,0.75
53,ST007,MD028,Mid-range,Premium,Tier 1,36500.0,0.0,1,0,0.0,0.0,0,0.0,0.0
53,ST007,MD029,Mid-range,Premium,Tier 1,31600.0,0.0,1,0,0.0,0.0,0,0.0,0.0
53,ST007,MD030,Mid-range,Premium,Tier 1,27200.0,0.25,9,0,0.24937500000000004,9.168198529411766e-06,0,0.0,0.25
53,ST007,MD031,Mid-range,Premium,Tier 1,38400.0,0.0,1,0,0.0,0.0,0,0.0,0.0
53,ST007,MD032,Mid-range,Premium,Tier 1,42200.0,0.5,7,0,0.4987500000000001,1.1818720379146922e-05,0,0.0,0.5
53,ST007,MD033,Mid-range,Premium,Tier 1,36100.0,0.0,1,0,0.0,0.0,0,0.0,0.0
53,ST007,MD034,Mid-range,Premium,Tier 1,44100.0,0.0,1,0,0.0,0.0,0,0.0,0.0
53,ST007,MD035,Mid-range,Premium,Tier 1,32400.0,0.75,19,0,0.755357142857143,2.3313492063492066e-05,0,0.0,0.75
53,ST007,MD036,Mid-range,Premium,Tier 1,36400.0,0.0,1,0,0.0,0.0,0,0.0,0.0
53,ST007,MD037,Mid-range,Premium,Tier 1,35400.0,0.5,6,0,0.4987500000000001,1.408898305084746e-05,0,0.0,0.5
53,ST007,MD039,Upper-mid,Premium,Tier 1,51000.0,0.75,12,0,0.748125,1.4669117647058824e-05,0,0.0,0.75
53,ST007,MD040,Upper-mid,Premium,Tier 1,60000.0,0.0,1,0,0.0,0.0,0,0.0,0.0
53,ST007,MD041,Upper-mid,Premium,Tier 1,69300.0,0.25,2,0,0.24937500000000004,3.598484848484849e-06,0,0.0,0.25
53,ST007,MD042,Upper-mid,Premium,Tier 1,48300.0,0.0,1,0,0.0,0.0,0,0.0,0.0
53,ST007,MD043,Upper-mid,Premium,Tier 1,59500.0,0.25,6,0,0.24937500000000004,4.191176470588236e-06,0,0.0,0.25
53,ST007,MD044,Upper-mid,Premium,Tier 1,66900.0,0.25,10,0,0.275625,4.119955156950672e-06,0,0.0,0.25
53,ST007,MD045,Upper-mid,Premium,Tier 1,52500.0,0.0,1,0,0.0,0.0,0,0.0,0.0
53,ST007,MD046,Upper-mid,Premium,Tier 1,71500.0,0.5,5,0,0.55125,7.70979020979021e-06,0,0.0,0.5
53,ST007,MD047,Upper-mid,Premium,Tier 1,62300.0,0.0,1,0,0.0,0.0,0,0.0,0.0
53,ST007,MD048,Upper-mid,Premium,Tier 1,59900.0,0.0,4,0,0.0,0.0,0,0.0,0.0
53,ST007,MD049,Premium,Premium,Tier 1,70500.0,0.0,3,0,0.0,0.0,0,0.0,0.0
53,ST007,MD051,Premium,Premium,Tier 1,82400.0,0.5,2,0,0.4987500000000001,6.052791262135923e-06,0,0.0,0.5
53,ST007,MD053,Premium,Premium,Tier 1,82100.0,0.0,1,0,0.0,0.0,0,0.0,0.0
53,ST007,MD054,Premium,Premium,Tier 1,74400.0,0.0,1,0,0.0,0.0,0,0.0,0.0
53,ST007,MD055,Premium,Premium,Tier 1,75000.0,0.5,5,0,0.4987500000000001,6.650000000000001e-06,0,0.0,0.5
53,ST007,MD056,Flagship,Premium,Tier 1,102800.0,0.0,1,0,0.0,0.0,0,0.0,0.0
53,ST007,MD057,Flagship,Premium,Tier 1,119700.0,0.25,2,0,0.24937500000000004,2.083333333333334e-06,0,0.0,0.25
53,ST007,MD058,Flagship,Premium,Tier 1,150000.0,0.25,2,0,0.275625,1.8375e-06,0,0.0,0.25
53,ST007,MD059,Flagship,Premium,Tier 1,128600.0,0.0,1,0,0.0,0.0,0,0.0,0.0
53,ST007,MD060,Flagship,Premium,Tier 1,105100.0,0.0,1,0,0.0,0.0,0,0.0,0.0
53,ST008,MD050,Premium,Premium,Tier 1,97100.0,6.0,14,6,6.615000000000001,6.81256436663234e-05,6,582600.0,0.0
53,ST008,MD052,Premium,Premium,Tier 1,96000.0,3.5,14,3,3.8587500000000006,4.019531250000001e-05,3,288000.0,0.5
53,ST008,MD027,Mid-range,Premium,Tier 1,46300.0,3.0,27,3,3.3075000000000006,7.143628509719223e-05,3,138900.0,0.0
53,ST008,MD032,Mid-range,Premium,Tier 1,42200.0,2.25,7,2,2.2443750000000002,5.318424170616114e-05,2,84400.0,0.25
53,ST008,MD039,Upper-mid,Premium,Tier 1,51000.0,1.75,12,1,1.782546728971963,3.495189664650908e-05,1,51000.0,0.75
53,ST008,MD035,Mid-range,Premium,Tier 1,32400.0,1.5,19,1,1.49625,4.618055555555556e-05,1,32400.0,0.5
53,ST008,MD021,Budget,Premium,Tier 1,25200.0,3.0,62,3,3.3075000000000006,0.00013125000000000002,1,25200.0,2.0
53,ST008,MD001,Keypad,Premium,Tier 1,7600.0,0.0,6,0,0.0,0.0,0,0.0,0.0
53,ST008,MD002,Keypad,Premium,Tier 1,7900.0,0.0,17,0,0.0,0.0,0,0.0,0.0
53,ST008,MD003,Keypad,Premium,Tier 1,6300.0,0.25,14,0,0.275625,4.375e-05,0,0.0,0.25
53,ST008,MD004,Keypad,Premium,Tier 1,8800.0,0.0,1,0,0.0,0.0,0,0.0,0.0
53,ST008,MD005,Entry,Premium,Tier 1,11600.0,0.0,2,0,0.0,0.0,0,0.0,0.0
53,ST008,MD006,Entry,Premium,Tier 1,13100.0,0.25,16,0,0.24937500000000004,1.9036259541984735e-05,0,0.0,0.25
53,ST008,MD007,Entry,Premium,Tier 1,14300.0,0.5,4,0,0.55125,3.854895104895105e-05,0,0.0,0.5
53,ST008,MD008,Entry,Premium,Tier 1,8500.0,0.0,1,0,0.0,0.0,0,0.0,0.0
53,ST008,MD009,Entry,Premium,Tier 1,11500.0,0.25,3,0,0.24937500000000004,2.1684782608695657e-05,0,0.0,0.25
53,ST008,MD010,Entry,Premium,Tier 1,9800.0,4.0,121,4,4.41,0.00045,0,0.0,4.0
53,ST008,MD011,Entry,Premium,Tier 1,12100.0,0.0,2,0,0.0,0.0,0,0.0,0.0
53,ST008,MD012,Entry,Premium,Tier 1,9100.0,3.75,132,3,4.134375,0.0004543269230769231,0,0.0,3.75
53,ST008,MD013,Entry,Premium,Tier 1,14500.0,0.0,1,0,0.0,0.0,0,0.0,0.0
53,ST008,MD014,Budget,Premium,Tier 1,20600.0,0.0,1,0,0.0,0.0,0,0.0,0.0
53,ST008,MD015,Budget,Premium,Tier 1,16700.0,0.0,5,0,0.0,0.0,0,0.0,0.0
53,ST008,MD016,Budget,Premium,Tier 1,23300.0,2.5,69,2,2.75625,0.00011829399141630902,0,0.0,2.5
53,ST008,MD017,Budget,Premium,Tier 1,19500.0,0.25,8,0,0.24937500000000004,1.2788461538461541e-05,0,0.0,0.25
53,ST008,MD018,Budget,Premium,Tier 1,15900.0,0.0,3,0,0.0,0.0,0,0.0,0.0
53,ST008,MD019,Budget,Premium,Tier 1,25600.0,0.5,23,0,0.4987500000000001,1.9482421875000002e-05,0,0.0,0.5
53,ST008,MD020,Budget,Premium,Tier 1,19500.0,0.0,5,0,0.0,0.0,0,0.0,0.0
53,ST008,MD022,Budget,Premium,Tier 1,21400.0,0.0,1,0,0.0,0.0,0,0.0,0.0
53,ST008,MD023,Budget,Premium,Tier 1,21300.0,0.0,1,0,0.0,0.0,0,0.0,0.0
53,ST008,MD024,Budget,Premium,Tier 1,16600.0,0.25,19,0,0.24937500000000004,1.5022590361445786e-05,0,0.0,0.25
53,ST008,MD025,Budget,Premium,Tier 1,16000.0,0.0,1,0,0.0,0.0,0,0.0,0.0
53,ST008,MD026,Mid-range,Premium,Tier 1,31900.0,0.0,1,0,0.0,0.0,0,0.0,0.0
53,ST008,MD028,Mid-range,Premium,Tier 1,36500.0,0.0,1,0,0.0,0.0,0,0.0,0.0
53,ST008,MD029,Mid-range,Premium,Tier 1,31600.0,0.0,1,0,0.0,0.0,0,0.0,0.0
53,ST008,MD030,Mid-range,Premium,Tier 1,27200.0,0.75,9,0,0.748125,2.7504595588235295e-05,0,0.0,0.75
53,ST008,MD031,Mid-range,Premium,Tier 1,38400.0,0.0,1,0,0.0,0.0,0,0.0,0.0
53,ST008,MD033,Mid-range,Premium,Tier 1,36100.0,0.0,1,0,0.0,0.0,0,0.0,0.0
53,ST008,MD034,Mid-range,Premium,Tier 1,44100.0,0.25,1,0,0.275625,6.25e-06,0,0.0,0.25
53,ST008,MD036,Mid-range,Premium,Tier 1,36400.0,0.0,1,0,0.0,0.0,0,0.0,0.0
53,ST008,MD037,Mid-range,Premium,Tier 1,35400.0,0.5,6,0,0.4987500000000001,1.408898305084746e-05,0,0.0,0.5
53,ST008,MD038,Mid-range,Premium,Tier 1,39900.0,1.5,37,1,1.6537500000000003,4.1447368421052636e-05,0,0.0,1.5
53,ST008,MD040,Upper-mid,Premium,Tier 1,60000.0,0.0,1,0,0.0,0.0,0,0.0,0.0
53,ST008,MD041,Upper-mid,Premium,Tier 1,69300.0,0.25,2,0,0.24937500000000004,3.598484848484849e-06,0,0.0,0.25
53,ST008,MD042,Upper-mid,Premium,Tier 1,48300.0,0.0,1,0,0.0,0.0,0,0.0,0.0
53,ST008,MD043,Upper-mid,Premium,Tier 1,59500.0,0.0,6,0,0.0,0.0,0,0.0,0.0
53,ST008,MD044,Upper-mid,Premium,Tier 1,66900.0,0.5,10,0,0.55125,8.239910313901345e-06,0,0.0,0.5
53,ST008,MD045,Upper-mid,Premium,Tier 1,52500.0,0.0,1,0,0.0,0.0,0,0.0,0.0
53,ST008,MD046,Upper-mid,Premium,Tier 1,71500.0,0.5,5,0,0.4987500000000001,6.975524475524476e-06,0,0.0,0.5
53,ST008,MD047,Upper-mid,Premium,Tier 1,62300.0,0.0,1,0,0.0,0.0,0,0.0,0.0
53,ST008,MD048,Upper-mid,Premium,Tier 1,59900.0,0.5,4,0,0.4987500000000001,8.32637729549249e-06,0,0.0,0.5
53,ST008,MD049,Premium,Premium,Tier 1,70500.0,0.5,3,0,0.4987500000000001,7.074468085106384e-06,0,0.0,0.5
53,ST008,MD051,Premium,Premium,Tier 1,82400.0,0.25,2,0,0.24937500000000004,3.0263956310679616e-06,0,0.0,0.25
53,ST008,MD053,Premium,Premium,Tier 1,82100.0,0.0,1,0,0.0,0.0,0,0.0,0.0
53,ST008,MD054,Premium,Premium,Tier 1,74400.0,0.0,1,0,0.0,0.0,0,0.0,0.0
53,ST008,MD055,Premium,Premium,Tier 1,75000.0,0.5,5,0,0.4987500000000001,6.650000000000001e-06,0,0.0,0.5
53,ST008,MD056,Flagship,Premium,Tier 1,102800.0,0.0,1,0,0.0,0.0,0,0.0,0.0
53,ST008,MD057,Flagship,Premium,Tier 1,119700.0,0.0,2,0,0.0,0.0,0,0.0,0.0
53,ST008,MD058,Flagship,Premium,Tier 1,150000.0,0.0,2,0,0.0,0.0,0,0.0,0.0
53,ST008,MD059,Flagship,Premium,Tier 1,128600.0,0.0,1,0,0.0,0.0,0,0.0,0.0
53,ST008,MD060,Flagship,Premium,Tier 1,105100.0,0.0,1,0,0.0,0.0,0,0.0,0.0
53,ST009,MD052,Premium,Value,Tier 2,96000.0,1.0,14,1,1.05,1.09375e-05,1,96000.0,0.0
53,ST009,MD012,Entry,Value,Tier 2,9100.0,9.25,132,9,9.7125,0.0010673076923076923,9,81900.0,0.25
53,ST009,MD046,Upper-mid,Value,Tier 2,71500.0,1.0,5,1,0.9500000000000001,1.3286713286713288e-05,1,71500.0,0.0
53,ST009,MD035,Mid-range,Value,Tier 2,32400.0,2.5,19,2,2.625,8.101851851851852e-05,2,64800.0,0.5
53,ST009,MD038,Mid-range,Value,Tier 2,39900.0,1.75,37,1,1.8375000000000001,4.605263157894737e-05,1,39900.0,0.75
53,ST009,MD006,Entry,Value,Tier 2,13100.0,2.5,16,2,2.375,0.00018129770992366412,2,26200.0,0.5
53,ST009,MD019,Budget,Value,Tier 2,25600.0,1.0,23,1,0.9500000000000001,3.7109375000000006e-05,1,25600.0,0.0
53,ST009,MD024,Budget,Value,Tier 2,16600.0,1.75,19,1,1.7884146341463416,0.00010773582133411697,1,16600.0,0.75
53,ST009,MD001,Keypad,Value,Tier 2,7600.0,0.25,6,0,0.23750000000000002,3.125e-05,0,0.0,0.25
53,ST009,MD002,Keypad,Value,Tier 2,7900.0,0.25,17,0,0.23750000000000002,3.006329113924051e-05,0,0.0,0.25
53,ST009,MD003,Keypad,Value,Tier 2,6300.0,0.25,14,0,0.2625,4.1666666666666665e-05,0,0.0,0.25
53,ST009,MD004,Keypad,Value,Tier 2,8800.0,0.0,1,0,0.0,0.0,0,0.0,0.0
53,ST009,MD005,Entry,Value,Tier 2,11600.0,0.0,2,0,0.0,0.0,0,0.0,0.0
53,ST009,MD007,Entry,Value,Tier 2,14300.0,0.0,4,0,0.0,0.0,0,0.0,0.0
53,ST009,MD008,Entry,Value,Tier 2,8500.0,0.0,1,0,0.0,0.0,0,0.0,0.0
53,ST009,MD009,Entry,Value,Tier 2,11500.0,0.5,3,0,0.47500000000000003,4.130434782608696e-05,0,0.0,0.5
53,ST009,MD010,Entry,Value,Tier 2,9800.0,2.25,121,2,2.3625000000000003,0.0002410714285714286,0,0.0,2.25
53,ST009,MD011,Entry,Value,Tier 2,12100.0,0.0,2,0,0.0,0.0,0,0.0,0.0
53,ST009,MD013,Entry,Value,Tier 2,14500.0,0.0,1,0,0.0,0.0,0,0.0,0.0
53,ST009,MD014,Budget,Value,Tier 2,20600.0,0.0,1,0,0.0,0.0,0,0.0,0.0
53,ST009,MD015,Budget,Value,Tier 2,16700.0,0.25,5,0,0.23750000000000002,1.4221556886227546e-05,0,0.0,0.25
53,ST009,MD016,Budget,Value,Tier 2,23300.0,0.75,69,0,0.7875000000000001,3.379828326180258e-05,0,0.0,0.75
53,ST009,MD017,Budget,Value,Tier 2,19500.0,0.5,8,0,0.47500000000000003,2.435897435897436e-05,0,0.0,0.5
53,ST009,MD018,Budget,Value,Tier 2,15900.0,0.0,3,0,0.0,0.0,0,0.0,0.0
53,ST009,MD020,Budget,Value,Tier 2,19500.0,0.5,5,0,0.47500000000000003,2.435897435897436e-05,0,0.0,0.5
53,ST009,MD021,Budget,Value,Tier 2,25200.0,2.25,62,2,2.3625000000000003,9.375000000000002e-05,0,0.0,2.25
53,ST009,MD022,Budget,Value,Tier 2,21400.0,0.0,1,0,0.0,0.0,0,0.0,0.0
53,ST009,MD023,Budget,Value,Tier 2,21300.0,0.0,1,0,0.0,0.0,0,0.0,0.0
53,ST009,MD025,Budget,Value,Tier 2,16000.0,0.0,1,0,0.0,0.0,0,0.0,0.0
53,ST009,MD026,Mid-range,Value,Tier 2,31900.0,0.0,1,0,0.0,0.0,0,0.0,0.0
53,ST009,MD027,Mid-range,Value,Tier 2,46300.0,0.75,27,0,0.7875000000000001,1.7008639308855292e-05,0,0.0,0.75
53,ST009,MD028,Mid-range,Value,Tier 2,36500.0,0.0,1,0,0.0,0.0,0,0.0,0.0
53,ST009,MD029,Mid-range,Value,Tier 2,31600.0,0.0,1,0,0.0,0.0,0,0.0,0.0
53,ST009,MD030,Mid-range,Value,Tier 2,27200.0,0.5,9,0,0.47500000000000003,1.7463235294117647e-05,0,0.0,0.5
53,ST009,MD031,Mid-range,Value,Tier 2,38400.0,0.0,1,0,0.0,0.0,0,0.0,0.0
53,ST009,MD032,Mid-range,Value,Tier 2,42200.0,0.0,7,0,0.0,0.0,0,0.0,0.0
53,ST009,MD033,Mid-range,Value,Tier 2,36100.0,0.0,1,0,0.0,0.0,0,0.0,0.0
53,ST009,MD034,Mid-range,Value,Tier 2,44100.0,0.0,1,0,0.0,0.0,0,0.0,0.0
53,ST009,MD036,Mid-range,Value,Tier 2,36400.0,0.0,1,0,0.0,0.0,0,0.0,0.0
53,ST009,MD037,Mid-range,Value,Tier 2,35400.0,0.0,6,0,0.0,0.0,0,0.0,0.0
53,ST009,MD039,Upper-mid,Value,Tier 2,51000.0,0.25,12,0,0.23750000000000002,4.65686274509804e-06,0,0.0,0.25
53,ST009,MD040,Upper-mid,Value,Tier 2,60000.0,0.0,1,0,0.0,0.0,0,0.0,0.0
53,ST009,MD041,Upper-mid,Value,Tier 2,69300.0,0.25,2,0,0.23750000000000002,3.427128427128427e-06,0,0.0,0.25
53,ST009,MD042,Upper-mid,Value,Tier 2,48300.0,0.0,1,0,0.0,0.0,0,0.0,0.0
53,ST009,MD043,Upper-mid,Value,Tier 2,59500.0,0.0,6,0,0.0,0.0,0,0.0,0.0
53,ST009,MD044,Upper-mid,Value,Tier 2,66900.0,0.5,10,0,0.525,7.847533632286996e-06,0,0.0,0.5
53,ST009,MD045,Upper-mid,Value,Tier 2,52500.0,0.25,1,0,0.2590909090909091,4.935064935064935e-06,0,0.0,0.25
53,ST009,MD047,Upper-mid,Value,Tier 2,62300.0,0.0,1,0,0.0,0.0,0,0.0,0.0
53,ST009,MD048,Upper-mid,Value,Tier 2,59900.0,0.5,4,0,0.5130434782608696,8.564999637076288e-06,0,0.0,0.5
53,ST009,MD049,Premium,Value,Tier 2,70500.0,0.0,3,0,0.0,0.0,0,0.0,0.0
53,ST009,MD050,Premium,Value,Tier 2,97100.0,0.5,14,0,0.525,5.406797116374871e-06,0,0.0,0.5
53,ST009,MD051,Premium,Value,Tier 2,82400.0,0.0,2,0,0.0,0.0,0,0.0,0.0
53,ST009,MD053,Premium,Value,Tier 2,82100.0,0.0,1,0,0.0,0.0,0,0.0,0.0
53,ST009,MD054,Premium,Value,Tier 2,74400.0,0.0,1,0,0.0,0.0,0,0.0,0.0
53,ST009,MD055,Premium,Value,Tier 2,75000.0,0.0,5,0,0.0,0.0,0,0.0,0.0
53,ST009,MD056,Flagship,Value,Tier 2,102800.0,0.0,1,0,0.0,0.0,0,0.0,0.0
53,ST009,MD057,Flagship,Value,Tier 2,119700.0,0.0,2,0,0.0,0.0,0,0.0,0.0
53,ST009,MD058,Flagship,Value,Tier 2,150000.0,0.0,2,0,0.0,0.0,0,0.0,0.0
53,ST009,MD059,Flagship,Value,Tier 2,128600.0,0.0,1,0,0.0,0.0,0,0.0,0.0
53,ST009,MD060,Flagship,Value,Tier 2,105100.0,0.0,1,0,0.0,0.0,0,0.0,0.0
53,ST010,MD016,Budget,Value,Tier 2,23300.0,8.5,69,8,8.925,0.0003830472103004292,8,186400.0,0.5
53,ST010,MD010,Entry,Value,Tier 2,9800.0,7.5,121,7,7.875,0.0008035714285714286,7,68600.0,0.5
53,ST010,MD012,Entry,Value,Tier 2,9100.0,7.0,132,7,7.3500000000000005,0.0008076923076923078,7,63700.0,0.0
53,ST010,MD027,Mid-range,Value,Tier 2,46300.0,1.75,27,1,1.8375000000000001,3.968682505399568e-05,1,46300.0,0.75
53,ST010,MD019,Budget,Value,Tier 2,25600.0,1.0,23,1,0.9500000000000001,3.7109375000000006e-05,1,25600.0,0.0
53,ST010,MD024,Budget,Value,Tier 2,16600.0,1.5,19,1,1.4387755102040818,8.667322350626999e-05,1,16600.0,0.5
53,ST010,MD006,Entry,Value,Tier 2,13100.0,1.75,16,1,1.6625,0.0001269083969465649,1,13100.0,0.75
53,ST010,MD002,Keypad,Value,Tier 2,7900.0,1.75,17,1,1.6625,0.00021044303797468356,1,7900.0,0.75
53,ST010,MD001,Keypad,Value,Tier 2,7600.0,0.25,6,0,0.23750000000000002,3.125e-05,0,0.0,0.25
53,ST010,MD003,Keypad,Value,Tier 2,6300.0,0.5,14,0,0.525,8.333333333333333e-05,0,0.0,0.5
53,ST010,MD004,Keypad,Value,Tier 2,8800.0,0.0,1,0,0.0,0.0,0,0.0,0.0
53,ST010,MD005,Entry,Value,Tier 2,11600.0,0.0,2,0,0.0,0.0,0,0.0,0.0
53,ST010,MD007,Entry,Value,Tier 2,14300.0,0.75,4,0,0.7875000000000001,5.506993006993008e-05,0,0.0,0.75
53,ST010,MD008,Entry,Value,Tier 2,8500.0,0.0,1,0,0.0,0.0,0,0.0,0.0
53,ST010,MD009,Entry,Value,Tier 2,11500.0,0.25,3,0,0.23750000000000002,2.065217391304348e-05,0,0.0,0.25
53,ST010,MD011,Entry,Value,Tier 2,12100.0,0.25,2,0,0.23750000000000002,1.962809917355372e-05,0,0.0,0.25
53,ST010,MD013,Entry,Value,Tier 2,14500.0,0.0,1,0,0.0,0.0,0,0.0,0.0
53,ST010,MD014,Budget,Value,Tier 2,20600.0,0.0,1,0,0.0,0.0,0,0.0,0.0
53,ST010,MD015,Budget,Value,Tier 2,16700.0,0.25,5,0,0.23750000000000002,1.4221556886227546e-05,0,0.0,0.25
53,ST010,MD017,Budget,Value,Tier 2,19500.0,0.75,8,0,0.7125,3.653846153846154e-05,0,0.0,0.75
53,ST010,MD018,Budget,Value,Tier 2,15900.0,0.0,3,0,0.0,0.0,0,0.0,0.0
53,ST010,MD020,Budget,Value,Tier 2,19500.0,0.0,5,0,0.0,0.0,0,0.0,0.0
53,ST010,MD021,Budget,Value,Tier 2,25200.0,1.5,62,1,1.5750000000000002,6.25e-05,0,0.0,1.5
53,ST010,MD022,Budget,Value,Tier 2,21400.0,0.0,1,0,0.0,0.0,0,0.0,0.0
53,ST010,MD023,Budget,Value,Tier 2,21300.0,0.0,1,0,0.0,0.0,0,0.0,0.0
53,ST010,MD025,Budget,Value,Tier 2,16000.0,0.0,1,0,0.0,0.0,0,0.0,0.0
53,ST010,MD026,Mid-range,Value,Tier 2,31900.0,0.0,1,0,0.0,0.0,0,0.0,0.0
53,ST010,MD028,Mid-range,Value,Tier 2,36500.0,0.0,1,0,0.0,0.0,0,0.0,0.0
53,ST010,MD029,Mid-range,Value,Tier 2,31600.0,0.0,1,0,0.0,0.0,0,0.0,0.0
53,ST010,MD030,Mid-range,Value,Tier 2,27200.0,0.75,9,0,0.7125,2.6194852941176473e-05,0,0.0,0.75
53,ST010,MD031,Mid-range,Value,Tier 2,38400.0,0.0,1,0,0.0,0.0,0,0.0,0.0
53,ST010,MD032,Mid-range,Value,Tier 2,42200.0,0.75,7,0,0.7125,1.6883886255924172e-05,0,0.0,0.75
53,ST010,MD033,Mid-range,Value,Tier 2,36100.0,0.0,1,0,0.0,0.0,0,0.0,0.0
53,ST010,MD034,Mid-range,Value,Tier 2,44100.0,0.0,1,0,0.0,0.0,0,0.0,0.0
53,ST010,MD035,Mid-range,Value,Tier 2,32400.0,0.75,19,0,0.7875000000000001,2.4305555555555558e-05,0,0.0,0.75
53,ST010,MD036,Mid-range,Value,Tier 2,36400.0,0.0,1,0,0.0,0.0,0,0.0,0.0
53,ST010,MD037,Mid-range,Value,Tier 2,35400.0,0.0,6,0,0.0,0.0,0,0.0,0.0
53,ST010,MD038,Mid-range,Value,Tier 2,39900.0,0.75,37,0,0.7875000000000001,1.973684210526316e-05,0,0.0,0.75
53,ST010,MD039,Upper-mid,Value,Tier 2,51000.0,0.5,12,0,0.47500000000000003,9.31372549019608e-06,0,0.0,0.5
53,ST010,MD040,Upper-mid,Value,Tier 2,60000.0,0.0,1,0,0.0,0.0,0,0.0,0.0
53,ST010,MD041,Upper-mid,Value,Tier 2,69300.0,0.0,2,0,0.0,0.0,0,0.0,0.0
53,ST010,MD042,Upper-mid,Value,Tier 2,48300.0,0.0,1,0,0.0,0.0,0,0.0,0.0
53,ST010,MD043,Upper-mid,Value,Tier 2,59500.0,0.25,6,0,0.23750000000000002,3.991596638655463e-06,0,0.0,0.25
53,ST010,MD044,Upper-mid,Value,Tier 2,66900.0,0.75,10,0,0.7875000000000001,1.1771300448430495e-05,0,0.0,0.75
53,ST010,MD045,Upper-mid,Value,Tier 2,52500.0,0.0,1,0,0.0,0.0,0,0.0,0.0
53,ST010,MD046,Upper-mid,Value,Tier 2,71500.0,0.5,5,0,0.47500000000000003,6.643356643356644e-06,0,0.0,0.5
53,ST010,MD047,Upper-mid,Value,Tier 2,62300.0,0.0,1,0,0.0,0.0,0,0.0,0.0
53,ST010,MD048,Upper-mid,Value,Tier 2,59900.0,0.0,4,0,0.0,0.0,0,0.0,0.0
53,ST010,MD049,Premium,Value,Tier 2,70500.0,0.0,3,0,0.0,0.0,0,0.0,0.0
53,ST010,MD050,Premium,Value,Tier 2,97100.0,0.0,14,0,0.0,0.0,0,0.0,0.0
53,ST010,MD051,Premium,Value,Tier 2,82400.0,0.0,2,0,0.0,0.0,0,0.0,0.0
53,ST010,MD052,Premium,Value,Tier 2,96000.0,0.0,14,0,0.0,0.0,0,0.0,0.0
53,ST010,MD053,Premium,Value,Tier 2,82100.0,0.0,1,0,0.0,0.0,0,0.0,0.0
53,ST010,MD054,Premium,Value,Tier 2,74400.0,0.0,1,0,0.0,0.0,0,0.0,0.0
53,ST010,MD055,Premium,Value,Tier 2,75000.0,0.5,5,0,0.525,7e-06,0,0.0,0.5
53,ST010,MD056,Flagship,Value,Tier 2,102800.0,0.0,1,0,0.0,0.0,0,0.0,0.0
53,ST010,MD057,Flagship,Value,Tier 2,119700.0,0.0,2,0,0.0,0.0,0,0.0,0.0
53,ST010,MD058,Flagship,Value,Tier 2,150000.0,0.25,2,0,0.2625,1.75e-06,0,0.0,0.25
53,ST010,MD059,Flagship,Value,Tier 2,128600.0,0.0,1,0,0.0,0.0,0,0.0,0.0
53,ST010,MD060,Flagship,Value,Tier 2,105100.0,0.0,1,0,0.0,0.0,0,0.0,0.0
53,ST011,MD016,Budget,Value,Tier 2,23300.0,4.5,69,4,4.7250000000000005,0.00020278969957081546,4,93200.0,0.5
53,ST011,MD038,Mid-range,Value,Tier 2,39900.0,2.0,37,2,2.1,5.2631578947368424e-05,2,79800.0,0.0
53,ST011,MD021,Budget,Value,Tier 2,25200.0,3.75,62,3,3.9375,0.00015625,3,75600.0,0.75
53,ST011,MD010,Entry,Value,Tier 2,9800.0,7.0,121,7,7.3500000000000005,0.00075,7,68600.0,0.0
53,ST011,MD024,Budget,Value,Tier 2,16600.0,3.0,19,3,2.85,0.00017168674698795182,3,49800.0,0.0
53,ST011,MD030,Mid-range,Value,Tier 2,27200.0,1.75,9,1,1.6625,6.112132352941177e-05,1,27200.0,0.75
53,ST011,MD002,Keypad,Value,Tier 2,7900.0,2.0,17,2,2.067415730337079,0.0002616981937135543,2,15800.0,0.0
53,ST011,MD006,Entry,Value,Tier 2,13100.0,1.0,16,1,0.9500000000000001,7.251908396946566e-05,1,13100.0,0.0
53,ST011,MD001,Keypad,Value,Tier 2,7600.0,0.25,6,0,0.23750000000000002,3.125e-05,0,0.0,0.25
53,ST011,MD003,Keypad,Value,Tier 2,6300.0,0.25,14,0,0.2625,4.1666666666666665e-05,0,0.0,0.25
53,ST011,MD004,Keypad,Value,Tier 2,8800.0,0.0,1,0,0.0,0.0,0,0.0,0.0
53,ST011,MD005,Entry,Value,Tier 2,11600.0,0.0,2,0,0.0,0.0,0,0.0,0.0
53,ST011,MD007,Entry,Value,Tier 2,14300.0,0.25,4,0,0.2625,1.835664335664336e-05,0,0.0,0.25
53,ST011,MD008,Entry,Value,Tier 2,8500.0,0.0,1,0,0.0,0.0,0,0.0,0.0
53,ST011,MD009,Entry,Value,Tier 2,11500.0,0.0,3,0,0.0,0.0,0,0.0,0.0
53,ST011,MD011,Entry,Value,Tier 2,12100.0,0.25,2,0,0.23750000000000002,1.962809917355372e-05,0,0.0,0.25
53,ST011,MD012,Entry,Value,Tier 2,9100.0,5.25,132,5,5.5125,0.0006057692307692308,0,0.0,5.25
53,ST011,MD013,Entry,Value,Tier 2,14500.0,0.0,1,0,0.0,0.0,0,0.0,0.0
53,ST011,MD014,Budget,Value,Tier 2,20600.0,0.0,1,0,0.0,0.0,0,0.0,0.0
53,ST011,MD015,Budget,Value,Tier 2,16700.0,0.75,5,0,0.7125,4.266467065868264e-05,0,0.0,0.75
53,ST011,MD017,Budget,Value,Tier 2,19500.0,0.25,8,0,0.23750000000000002,1.217948717948718e-05,0,0.0,0.25
53,ST011,MD018,Budget,Value,Tier 2,15900.0,0.0,3,0,0.0,0.0,0,0.0,0.0
53,ST011,MD019,Budget,Value,Tier 2,25600.0,0.25,23,0,0.23750000000000002,9.277343750000001e-06,0,0.0,0.25
53,ST011,MD020,Budget,Value,Tier 2,19500.0,0.25,5,0,0.23750000000000002,1.217948717948718e-05,0,0.0,0.25
53,ST011,MD022,Budget,Value,Tier 2,21400.0,0.0,1,0,0.0,0.0,0,0.0,0.0
53,ST011,MD023,Budget,Value,Tier 2,21300.0,0.0,1,0,0.0,0.0,0,0.0,0.0
53,ST011,MD025,Budget,Value,Tier 2,16000.0,0.0,1,0,0.0,0.0,0,0.0,0.0
53,ST011,MD026,Mid-range,Value,Tier 2,31900.0,0.25,1,0,0.23750000000000002,7.445141065830722e-06,0,0.0,0.25
53,ST011,MD027,Mid-range,Value,Tier 2,46300.0,0.0,27,0,0.0,0.0,0,0.0,0.0
53,ST011,MD028,Mid-range,Value,Tier 2,36500.0,0.0,1,0,0.0,0.0,0,0.0,0.0
53,ST011,MD029,Mid-range,Value,Tier 2,31600.0,0.0,1,0,0.0,0.0,0,0.0,0.0
53,ST011,MD031,Mid-range,Value,Tier 2,38400.0,0.0,1,0,0.0,0.0,0,0.0,0.0
53,ST011,MD032,Mid-range,Value,Tier 2,42200.0,0.5,7,0,0.5181818181818182,1.2279190004308488e-05,0,0.0,0.5
53,ST011,MD033,Mid-range,Value,Tier 2,36100.0,0.0,1,0,0.0,0.0,0,0.0,0.0
53,ST011,MD034,Mid-range,Value,Tier 2,44100.0,0.0,1,0,0.0,0.0,0,0.0,0.0
53,ST011,MD035,Mid-range,Value,Tier 2,32400.0,0.0,19,0,0.0,0.0,0,0.0,0.0
53,ST011,MD036,Mid-range,Value,Tier 2,36400.0,0.0,1,0,0.0,0.0,0,0.0,0.0
53,ST011,MD037,Mid-range,Value,Tier 2,35400.0,0.25,6,0,0.23750000000000002,6.709039548022599e-06,0,0.0,0.25
53,ST011,MD039,Upper-mid,Value,Tier 2,51000.0,0.75,12,0,0.7720588235294119,1.5138408304498272e-05,0,0.0,0.75
53,ST011,MD040,Upper-mid,Value,Tier 2,60000.0,0.0,1,0,0.0,0.0,0,0.0,0.0
53,ST011,MD041,Upper-mid,Value,Tier 2,69300.0,0.25,2,0,0.23750000000000002,3.427128427128427e-06,0,0.0,0.25
53,ST011,MD042,Upper-mid,Value,Tier 2,48300.0,0.0,1,0,0.0,0.0,0,0.0,0.0
53,ST011,MD043,Upper-mid,Value,Tier 2,59500.0,0.0,6,0,0.0,0.0,0,0.0,0.0
53,ST011,MD044,Upper-mid,Value,Tier 2,66900.0,0.0,10,0,0.0,0.0,0,0.0,0.0
53,ST011,MD045,Upper-mid,Value,Tier 2,52500.0,0.0,1,0,0.0,0.0,0,0.0,0.0
53,ST011,MD046,Upper-mid,Value,Tier 2,71500.0,0.0,5,0,0.0,0.0,0,0.0,0.0
53,ST011,MD047,Upper-mid,Value,Tier 2,62300.0,0.0,1,0,0.0,0.0,0,0.0,0.0
53,ST011,MD048,Upper-mid,Value,Tier 2,59900.0,0.25,4,0,0.23750000000000002,3.964941569282137e-06,0,0.0,0.25
53,ST011,MD049,Premium,Value,Tier 2,70500.0,0.25,3,0,0.23750000000000002,3.368794326241135e-06,0,0.0,0.25
53,ST011,MD050,Premium,Value,Tier 2,97100.0,0.25,14,0,0.2625,2.7033985581874356e-06,0,0.0,0.25
53,ST011,MD051,Premium,Value,Tier 2,82400.0,0.25,2,0,0.2625,3.1856796116504854e-06,0,0.0,0.25
53,ST011,MD052,Premium,Value,Tier 2,96000.0,0.5,14,0,0.525,5.46875e-06,0,0.0,0.5
53,ST011,MD053,Premium,Value,Tier 2,82100.0,0.0,1,0,0.0,0.0,0,0.0,0.0
53,ST011,MD054,Premium,Value,Tier 2,74400.0,0.0,1,0,0.0,0.0,0,0.0,0.0
53,ST011,MD055,Premium,Value,Tier 2,75000.0,0.0,5,0,0.0,0.0,0,0.0,0.0
53,ST011,MD056,Flagship,Value,Tier 2,102800.0,0.0,1,0,0.0,0.0,0,0.0,0.0
53,ST011,MD057,Flagship,Value,Tier 2,119700.0,0.0,2,0,0.0,0.0,0,0.0,0.0
53,ST011,MD058,Flagship,Value,Tier 2,150000.0,0.0,2,0,0.0,0.0,0,0.0,0.0
53,ST011,MD059,Flagship,Value,Tier 2,128600.0,0.0,1,0,0.0,0.0,0,0.0,0.0
53,ST011,MD060,Flagship,Value,Tier 2,105100.0,0.0,1,0,0.0,0.0,0,0.0,0.0
53,ST012,MD027,Mid-range,Value,Tier 2,46300.0,2.25,27,2,2.3625000000000003,5.102591792656588e-05,2,92600.0,0.25
53,ST012,MD012,Entry,Value,Tier 2,9100.0,6.75,132,6,7.0875,0.0007788461538461538,2,18200.0,4.75
53,ST012,MD006,Entry,Value,Tier 2,13100.0,1.75,16,1,1.6625,0.0001269083969465649,1,13100.0,0.75
53,ST012,MD001,Keypad,Value,Tier 2,7600.0,0.0,6,0,0.0,0.0,0,0.0,0.0
53,ST012,MD002,Keypad,Value,Tier 2,7900.0,0.0,17,0,0.0,0.0,0,0.0,0.0
53,ST012,MD003,Keypad,Value,Tier 2,6300.0,0.75,14,0,0.7875000000000001,0.000125,0,0.0,0.75
53,ST012,MD004,Keypad,Value,Tier 2,8800.0,0.0,1,0,0.0,0.0,0,0.0,0.0
53,ST012,MD005,Entry,Value,Tier 2,11600.0,0.0,2,0,0.0,0.0,0,0.0,0.0
53,ST012,MD007,Entry,Value,Tier 2,14300.0,0.25,4,0,0.2625,1.835664335664336e-05,0,0.0,0.25
53,ST012,MD008,Entry,Value,Tier 2,8500.0,0.0,1,0,0.0,0.0,0,0.0,0.0
53,ST012,MD009,Entry,Value,Tier 2,11500.0,0.0,3,0,0.0,0.0,0,0.0,0.0
53,ST012,MD010,Entry,Value,Tier 2,9800.0,4.5,121,4,4.7250000000000005,0.0004821428571428572,0,0.0,4.5
53,ST012,MD011,Entry,Value,Tier 2,12100.0,0.5,2,0,0.47500000000000003,3.925619834710744e-05,0,0.0,0.5
53,ST012,MD013,Entry,Value,Tier 2,14500.0,0.0,1,0,0.0,0.0,0,0.0,0.0
53,ST012,MD014,Budget,Value,Tier 2,20600.0,0.0,1,0,0.0,0.0,0,0.0,0.0
53,ST012,MD015,Budget,Value,Tier 2,16700.0,0.0,5,0,0.0,0.0,0,0.0,0.0
53,ST012,MD016,Budget,Value,Tier 2,23300.0,1.0,69,1,1.05,4.506437768240343e-05,0,0.0,1.0
53,ST012,MD017,Budget,Value,Tier 2,19500.0,0.25,8,0,0.23750000000000002,1.217948717948718e-05,0,0.0,0.25
53,ST012,MD018,Budget,Value,Tier 2,15900.0,0.0,3,0,0.0,0.0,0,0.0,0.0
53,ST012,MD019,Budget,Value,Tier 2,25600.0,0.25,23,0,0.23750000000000002,9.277343750000001e-06,0,0.0,0.25
53,ST012,MD020,Budget,Value,Tier 2,19500.0,0.0,5,0,0.0,0.0,0,0.0,0.0
53,ST012,MD021,Budget,Value,Tier 2,25200.0,0.25,62,0,0.23750000000000002,9.424603174603175e-06,0,0.0,0.25
53,ST012,MD022,Budget,Value,Tier 2,21400.0,0.0,1,0,0.0,0.0,0,0.0,0.0
53,ST012,MD023,Budget,Value,Tier 2,21300.0,0.0,1,0,0.0,0.0,0,0.0,0.0
53,ST012,MD024,Budget,Value,Tier 2,16600.0,0.0,19,0,0.0,0.0,0,0.0,0.0
53,ST012,MD025,Budget,Value,Tier 2,16000.0,0.25,1,0,0.2625,1.6406250000000002e-05,0,0.0,0.25
53,ST012,MD026,Mid-range,Value,Tier 2,31900.0,0.0,1,0,0.0,0.0,0,0.0,0.0
53,ST012,MD028,Mid-range,Value,Tier 2,36500.0,0.0,1,0,0.0,0.0,0,0.0,0.0
53,ST012,MD029,Mid-range,Value,Tier 2,31600.0,0.0,1,0,0.0,0.0,0,0.0,0.0
53,ST012,MD030,Mid-range,Value,Tier 2,27200.0,0.5,9,0,0.47500000000000003,1.7463235294117647e-05,0,0.0,0.5
53,ST012,MD031,Mid-range,Value,Tier 2,38400.0,0.0,1,0,0.0,0.0,0,0.0,0.0
53,ST012,MD032,Mid-range,Value,Tier 2,42200.0,0.25,7,0,0.23750000000000002,5.627962085308057e-06,0,0.0,0.25
53,ST012,MD033,Mid-range,Value,Tier 2,36100.0,0.0,1,0,0.0,0.0,0,0.0,0.0
53,ST012,MD034,Mid-range,Value,Tier 2,44100.0,0.0,1,0,0.0,0.0,0,0.0,0.0
53,ST012,MD035,Mid-range,Value,Tier 2,32400.0,0.0,19,0,0.0,0.0,0,0.0,0.0
53,ST012,MD036,Mid-range,Value,Tier 2,36400.0,0.0,1,0,0.0,0.0,0,0.0,0.0
53,ST012,MD037,Mid-range,Value,Tier 2,35400.0,0.25,6,0,0.23750000000000002,6.709039548022599e-06,0,0.0,0.25
53,ST012,MD038,Mid-range,Value,Tier 2,39900.0,0.5,37,0,0.525,1.3157894736842106e-05,0,0.0,0.5
53,ST012,MD039,Upper-mid,Value,Tier 2,51000.0,0.25,12,0,0.2625,5.147058823529412e-06,0,0.0,0.25
53,ST012,MD040,Upper-mid,Value,Tier 2,60000.0,0.0,1,0,0.0,0.0,0,0.0,0.0
53,ST012,MD041,Upper-mid,Value,Tier 2,69300.0,0.0,2,0,0.0,0.0,0,0.0,0.0
53,ST012,MD042,Upper-mid,Value,Tier 2,48300.0,0.0,1,0,0.0,0.0,0,0.0,0.0
53,ST012,MD043,Upper-mid,Value,Tier 2,59500.0,0.0,6,0,0.0,0.0,0,0.0,0.0
53,ST012,MD044,Upper-mid,Value,Tier 2,66900.0,0.0,10,0,0.0,0.0,0,0.0,0.0
53,ST012,MD045,Upper-mid,Value,Tier 2,52500.0,0.0,1,0,0.0,0.0,0,0.0,0.0
53,ST012,MD046,Upper-mid,Value,Tier 2,71500.0,0.0,5,0,0.0,0.0,0,0.0,0.0
53,ST012,MD047,Upper-mid,Value,Tier 2,62300.0,0.0,1,0,0.0,0.0,0,0.0,0.0
53,ST012,MD048,Upper-mid,Value,Tier 2,59900.0,0.0,4,0,0.0,0.0,0,0.0,0.0
53,ST012,MD049,Premium,Value,Tier 2,70500.0,0.0,3,0,0.0,0.0,0,0.0,0.0
53,ST012,MD050,Premium,Value,Tier 2,97100.0,0.0,14,0,0.0,0.0,0,0.0,0.0
53,ST012,MD051,Premium,Value,Tier 2,82400.0,0.0,2,0,0.0,0.0,0,0.0,0.0
53,ST012,MD052,Premium,Value,Tier 2,96000.0,0.0,14,0,0.0,0.0,0,0.0,0.0
53,ST012,MD053,Premium,Value,Tier 2,82100.0,0.0,1,0,0.0,0.0,0,0.0,0.0
53,ST012,MD054,Premium,Value,Tier 2,74400.0,0.0,1,0,0.0,0.0,0,0.0,0.0
53,ST012,MD055,Premium,Value,Tier 2,75000.0,0.0,5,0,0.0,0.0,0,0.0,0.0
53,ST012,MD056,Flagship,Value,Tier 2,102800.0,0.0,1,0,0.0,0.0,0,0.0,0.0
53,ST012,MD057,Flagship,Value,Tier 2,119700.0,0.0,2,0,0.0,0.0,0,0.0,0.0
53,ST012,MD058,Flagship,Value,Tier 2,150000.0,0.0,2,0,0.0,0.0,0,0.0,0.0
53,ST012,MD059,Flagship,Value,Tier 2,128600.0,0.0,1,0,0.0,0.0,0,0.0,0.0
53,ST012,MD060,Flagship,Value,Tier 2,105100.0,0.0,1,0,0.0,0.0,0,0.0,0.0
53,ST013,MD016,Budget,Value,Tier 3,23300.0,7.25,69,7,7.612500000000001,0.0003267167381974249,7,163100.0,0.25
53,ST013,MD027,Mid-range,Value,Tier 3,46300.0,3.25,27,3,3.4125,7.370410367170627e-05,3,138900.0,0.25
53,ST013,MD038,Mid-range,Value,Tier 3,39900.0,2.0,37,2,2.1,5.2631578947368424e-05,2,79800.0,0.0
53,ST013,MD010,Entry,Value,Tier 3,9800.0,8.25,121,8,8.6625,0.0008839285714285714,8,78400.0,0.25
53,ST013,MD021,Budget,Value,Tier 3,25200.0,3.5,62,3,3.6750000000000003,0.00014583333333333335,3,75600.0,0.5
53,ST013,MD020,Budget,Value,Tier 3,19500.0,1.5,5,1,1.425,7.307692307692307e-05,1,19500.0,0.5
53,ST013,MD002,Keypad,Value,Tier 3,7900.0,2.0,17,2,1.9000000000000001,0.00024050632911392408,2,15800.0,0.0
53,ST013,MD001,Keypad,Value,Tier 3,7600.0,1.0,6,1,0.9500000000000001,0.000125,1,7600.0,0.0
53,ST013,MD003,Keypad,Value,Tier 3,6300.0,0.5,14,0,0.525,8.333333333333333e-05,0,0.0,0.5
53,ST013,MD004,Keypad,Value,Tier 3,8800.0,0.0,1,0,0.0,0.0,0,0.0,0.0
53,ST013,MD005,Entry,Value,Tier 3,11600.0,0.0,2,0,0.0,0.0,0,0.0,0.0
53,ST013,MD006,Entry,Value,Tier 3,13100.0,0.75,16,0,0.7125,5.438931297709924e-05,0,0.0,0.75
53,ST013,MD007,Entry,Value,Tier 3,14300.0,0.25,4,0,0.2625,1.835664335664336e-05,0,0.0,0.25
53,ST013,MD008,Entry,Value,Tier 3,8500.0,0.0,1,0,0.0,0.0,0,0.0,0.0
53,ST013,MD009,Entry,Value,Tier 3,11500.0,0.5,3,0,0.47500000000000003,4.130434782608696e-05,0,0.0,0.5
53,ST013,MD011,Entry,Value,Tier 3,12100.0,0.0,2,0,0.0,0.0,0,0.0,0.0
53,ST013,MD012,Entry,Value,Tier 3,9100.0,6.25,132,6,6.5625,0.0007211538461538462,0,0.0,6.25
53,ST013,MD013,Entry,Value,Tier 3,14500.0,0.0,1,0,0.0,0.0,0,0.0,0.0
53,ST013,MD014,Budget,Value,Tier 3,20600.0,0.0,1,0,0.0,0.0,0,0.0,0.0
53,ST013,MD015,Budget,Value,Tier 3,16700.0,0.25,5,0,0.23750000000000002,1.4221556886227546e-05,0,0.0,0.25
53,ST013,MD017,Budget,Value,Tier 3,19500.0,0.25,8,0,0.23750000000000002,1.217948717948718e-05,0,0.0,0.25
53,ST013,MD018,Budget,Value,Tier 3,15900.0,0.25,3,0,0.23750000000000002,1.4937106918238995e-05,0,0.0,0.25
53,ST013,MD019,Budget,Value,Tier 3,25600.0,0.25,23,0,0.23750000000000002,9.277343750000001e-06,0,0.0,0.25
53,ST013,MD022,Budget,Value,Tier 3,21400.0,0.0,1,0,0.0,0.0,0,0.0,0.0
53,ST013,MD023,Budget,Value,Tier 3,21300.0,0.0,1,0,0.0,0.0,0,0.0,0.0
53,ST013,MD024,Budget,Value,Tier 3,16600.0,0.0,19,0,0.0,0.0,0,0.0,0.0
53,ST013,MD025,Budget,Value,Tier 3,16000.0,0.0,1,0,0.0,0.0,0,0.0,0.0
53,ST013,MD026,Mid-range,Value,Tier 3,31900.0,0.25,1,0,0.23750000000000002,7.445141065830722e-06,0,0.0,0.25
53,ST013,MD028,Mid-range,Value,Tier 3,36500.0,0.0,1,0,0.0,0.0,0,0.0,0.0
53,ST013,MD029,Mid-range,Value,Tier 3,31600.0,0.0,1,0,0.0,0.0,0,0.0,0.0
53,ST013,MD030,Mid-range,Value,Tier 3,27200.0,0.25,9,0,0.23750000000000002,8.731617647058824e-06,0,0.0,0.25
53,ST013,MD031,Mid-range,Value,Tier 3,38400.0,0.0,1,0,0.0,0.0,0,0.0,0.0
53,ST013,MD032,Mid-range,Value,Tier 3,42200.0,0.0,7,0,0.0,0.0,0,0.0,0.0
53,ST013,MD033,Mid-range,Value,Tier 3,36100.0,0.0,1,0,0.0,0.0,0,0.0,0.0
53,ST013,MD034,Mid-range,Value,Tier 3,44100.0,0.0,1,0,0.0,0.0,0,0.0,0.0
53,ST013,MD035,Mid-range,Value,Tier 3,32400.0,0.25,19,0,0.23823529411764707,7.3529411764705884e-06,0,0.0,0.25
53,ST013,MD036,Mid-range,Value,Tier 3,36400.0,0.0,1,0,0.0,0.0,0,0.0,0.0
53,ST013,MD037,Mid-range,Value,Tier 3,35400.0,0.25,6,0,0.23750000000000002,6.709039548022599e-06,0,0.0,0.25
53,ST013,MD039,Upper-mid,Value,Tier 3,51000.0,0.25,12,0,0.23750000000000002,4.65686274509804e-06,0,0.0,0.25
53,ST013,MD040,Upper-mid,Value,Tier 3,60000.0,0.0,1,0,0.0,0.0,0,0.0,0.0
53,ST013,MD041,Upper-mid,Value,Tier 3,69300.0,0.0,2,0,0.0,0.0,0,0.0,0.0
53,ST013,MD042,Upper-mid,Value,Tier 3,48300.0,0.0,1,0,0.0,0.0,0,0.0,0.0
53,ST013,MD043,Upper-mid,Value,Tier 3,59500.0,0.5,6,0,0.47500000000000003,7.983193277310926e-06,0,0.0,0.5
53,ST013,MD044,Upper-mid,Value,Tier 3,66900.0,0.0,10,0,0.0,0.0,0,0.0,0.0
53,ST013,MD045,Upper-mid,Value,Tier 3,52500.0,0.0,1,0,0.0,0.0,0,0.0,0.0
53,ST013,MD046,Upper-mid,Value,Tier 3,71500.0,0.5,5,0,0.47500000000000003,6.643356643356644e-06,0,0.0,0.5
53,ST013,MD047,Upper-mid,Value,Tier 3,62300.0,0.0,1,0,0.0,0.0,0,0.0,0.0
53,ST013,MD048,Upper-mid,Value,Tier 3,59900.0,0.0,4,0,0.0,0.0,0,0.0,0.0
53,ST013,MD049,Premium,Value,Tier 3,70500.0,0.0,3,0,0.0,0.0,0,0.0,0.0
53,ST013,MD050,Premium,Value,Tier 3,97100.0,0.0,14,0,0.0,0.0,0,0.0,0.0
53,ST013,MD051,Premium,Value,Tier 3,82400.0,0.0,2,0,0.0,0.0,0,0.0,0.0
53,ST013,MD052,Premium,Value,Tier 3,96000.0,0.0,14,0,0.0,0.0,0,0.0,0.0
53,ST013,MD053,Premium,Value,Tier 3,82100.0,0.0,1,0,0.0,0.0,0,0.0,0.0
53,ST013,MD054,Premium,Value,Tier 3,74400.0,0.0,1,0,0.0,0.0,0,0.0,0.0
53,ST013,MD055,Premium,Value,Tier 3,75000.0,0.0,5,0,0.0,0.0,0,0.0,0.0
53,ST013,MD056,Flagship,Value,Tier 3,102800.0,0.0,1,0,0.0,0.0,0,0.0,0.0
53,ST013,MD057,Flagship,Value,Tier 3,119700.0,0.0,2,0,0.0,0.0,0,0.0,0.0
53,ST013,MD058,Flagship,Value,Tier 3,150000.0,0.0,2,0,0.0,0.0,0,0.0,0.0
53,ST013,MD059,Flagship,Value,Tier 3,128600.0,0.0,1,0,0.0,0.0,0,0.0,0.0
53,ST013,MD060,Flagship,Value,Tier 3,105100.0,0.0,1,0,0.0,0.0,0,0.0,0.0
53,ST014,MD027,Mid-range,Value,Tier 3,46300.0,3.0,27,3,3.1500000000000004,6.803455723542117e-05,3,138900.0,0.0
53,ST014,MD021,Budget,Value,Tier 3,25200.0,3.25,62,3,3.4125,0.00013541666666666666,3,75600.0,0.25
53,ST014,MD039,Upper-mid,Value,Tier 3,51000.0,1.5,12,1,1.4294117647058824,2.8027681660899653e-05,1,51000.0,0.5
53,ST014,MD035,Mid-range,Value,Tier 3,32400.0,1.0,19,1,1.05,3.240740740740741e-05,1,32400.0,0.0
53,ST014,MD024,Budget,Value,Tier 3,16600.0,1.0,19,1,0.9500000000000001,5.72289156626506e-05,1,16600.0,0.0
53,ST014,MD002,Keypad,Value,Tier 3,7900.0,2.0,17,2,1.9000000000000001,0.00024050632911392408,2,15800.0,0.0
53,ST014,MD006,Entry,Value,Tier 3,13100.0,1.25,16,1,1.1875,9.064885496183206e-05,1,13100.0,0.25
53,ST014,MD010,Entry,Value,Tier 3,9800.0,5.5,121,5,5.775,0.0005892857142857143,1,9800.0,4.5
53,ST014,MD001,Keypad,Value,Tier 3,7600.0,1.0,6,1,0.9500000000000001,0.000125,1,7600.0,0.0
53,ST014,MD003,Keypad,Value,Tier 3,6300.0,1.5,14,1,1.5750000000000002,0.00025,1,6300.0,0.5
53,ST014,MD004,Keypad,Value,Tier 3,8800.0,0.0,1,0,0.0,0.0,0,0.0,0.0
53,ST014,MD005,Entry,Value,Tier 3,11600.0,0.0,2,0,0.0,0.0,0,0.0,0.0
53,ST014,MD007,Entry,Value,Tier 3,14300.0,0.5,4,0,0.525,3.671328671328672e-05,0,0.0,0.5
53,ST014,MD008,Entry,Value,Tier 3,8500.0,0.0,1,0,0.0,0.0,0,0.0,0.0
53,ST014,MD009,Entry,Value,Tier 3,11500.0,0.25,3,0,0.23750000000000002,2.065217391304348e-05,0,0.0,0.25
53,ST014,MD011,Entry,Value,Tier 3,12100.0,0.0,2,0,0.0,0.0,0,0.0,0.0
53,ST014,MD012,Entry,Value,Tier 3,9100.0,2.5,132,2,2.625,0.0002884615384615385,0,0.0,2.5
53,ST014,MD013,Entry,Value,Tier 3,14500.0,0.0,1,0,0.0,0.0,0,0.0,0.0
53,ST014,MD014,Budget,Value,Tier 3,20600.0,0.0,1,0,0.0,0.0,0,0.0,0.0
53,ST014,MD015,Budget,Value,Tier 3,16700.0,0.5,5,0,0.47500000000000003,2.8443113772455092e-05,0,0.0,0.5
53,ST014,MD016,Budget,Value,Tier 3,23300.0,1.25,69,1,1.3125,5.633047210300429e-05,0,0.0,1.25
53,ST014,MD017,Budget,Value,Tier 3,19500.0,0.0,8,0,0.0,0.0,0,0.0,0.0
53,ST014,MD018,Budget,Value,Tier 3,15900.0,0.0,3,0,0.0,0.0,0,0.0,0.0
53,ST014,MD019,Budget,Value,Tier 3,25600.0,0.5,23,0,0.48125,1.8798828125e-05,0,0.0,0.5
53,ST014,MD020,Budget,Value,Tier 3,19500.0,0.25,5,0,0.23750000000000002,1.217948717948718e-05,0,0.0,0.25
53,ST014,MD022,Budget,Value,Tier 3,21400.0,0.0,1,0,0.0,0.0,0,0.0,0.0
53,ST014,MD023,Budget,Value,Tier 3,21300.0,0.0,1,0,0.0,0.0,0,0.0,0.0
53,ST014,MD025,Budget,Value,Tier 3,16000.0,0.0,1,0,0.0,0.0,0,0.0,0.0
53,ST014,MD026,Mid-range,Value,Tier 3,31900.0,0.0,1,0,0.0,0.0,0,0.0,0.0
53,ST014,MD028,Mid-range,Value,Tier 3,36500.0,0.0,1,0,0.0,0.0,0,0.0,0.0
53,ST014,MD029,Mid-range,Value,Tier 3,31600.0,0.0,1,0,0.0,0.0,0,0.0,0.0
53,ST014,MD030,Mid-range,Value,Tier 3,27200.0,0.25,9,0,0.23750000000000002,8.731617647058824e-06,0,0.0,0.25
53,ST014,MD031,Mid-range,Value,Tier 3,38400.0,0.0,1,0,0.0,0.0,0,0.0,0.0
53,ST014,MD032,Mid-range,Value,Tier 3,42200.0,0.25,7,0,0.23750000000000002,5.627962085308057e-06,0,0.0,0.25
53,ST014,MD033,Mid-range,Value,Tier 3,36100.0,0.0,1,0,0.0,0.0,0,0.0,0.0
53,ST014,MD034,Mid-range,Value,Tier 3,44100.0,0.0,1,0,0.0,0.0,0,0.0,0.0
53,ST014,MD036,Mid-range,Value,Tier 3,36400.0,0.0,1,0,0.0,0.0,0,0.0,0.0
53,ST014,MD037,Mid-range,Value,Tier 3,35400.0,0.25,6,0,0.23750000000000002,6.709039548022599e-06,0,0.0,0.25
53,ST014,MD038,Mid-range,Value,Tier 3,39900.0,1.75,37,1,1.8375000000000001,4.605263157894737e-05,0,0.0,1.75
53,ST014,MD040,Upper-mid,Value,Tier 3,60000.0,0.0,1,0,0.0,0.0,0,0.0,0.0
53,ST014,MD041,Upper-mid,Value,Tier 3,69300.0,0.0,2,0,0.0,0.0,0,0.0,0.0
53,ST014,MD042,Upper-mid,Value,Tier 3,48300.0,0.25,1,0,0.2625,5.4347826086956525e-06,0,0.0,0.25
53,ST014,MD043,Upper-mid,Value,Tier 3,59500.0,0.25,6,0,0.23750000000000002,3.991596638655463e-06,0,0.0,0.25
53,ST014,MD044,Upper-mid,Value,Tier 3,66900.0,0.25,10,0,0.2625,3.923766816143498e-06,0,0.0,0.25
53,ST014,MD045,Upper-mid,Value,Tier 3,52500.0,0.0,1,0,0.0,0.0,0,0.0,0.0
53,ST014,MD046,Upper-mid,Value,Tier 3,71500.0,0.0,5,0,0.0,0.0,0,0.0,0.0
53,ST014,MD047,Upper-mid,Value,Tier 3,62300.0,0.0,1,0,0.0,0.0,0,0.0,0.0
53,ST014,MD048,Upper-mid,Value,Tier 3,59900.0,0.25,4,0,0.23750000000000002,3.964941569282137e-06,0,0.0,0.25
53,ST014,MD049,Premium,Value,Tier 3,70500.0,0.0,3,0,0.0,0.0,0,0.0,0.0
53,ST014,MD050,Premium,Value,Tier 3,97100.0,0.25,14,0,0.2625,2.7033985581874356e-06,0,0.0,0.25
53,ST014,MD051,Premium,Value,Tier 3,82400.0,0.0,2,0,0.0,0.0,0,0.0,0.0
53,ST014,MD052,Premium,Value,Tier 3,96000.0,0.0,14,0,0.0,0.0,0,0.0,0.0
53,ST014,MD053,Premium,Value,Tier 3,82100.0,0.0,1,0,0.0,0.0,0,0.0,0.0
53,ST014,MD054,Premium,Value,Tier 3,74400.0,0.0,1,0,0.0,0.0,0,0.0,0.0
53,ST014,MD055,Premium,Value,Tier 3,75000.0,0.25,5,0,0.2625,3.5e-06,0,0.0,0.25
53,ST014,MD056,Flagship,Value,Tier 3,102800.0,0.0,1,0,0.0,0.0,0,0.0,0.0
53,ST014,MD057,Flagship,Value,Tier 3,119700.0,0.0,2,0,0.0,0.0,0,0.0,0.0
53,ST014,MD058,Flagship,Value,Tier 3,150000.0,0.0,2,0,0.0,0.0,0,0.0,0.0
53,ST014,MD059,Flagship,Value,Tier 3,128600.0,0.0,1,0,0.0,0.0,0,0.0,0.0
53,ST014,MD060,Flagship,Value,Tier 3,105100.0,0.0,1,0,0.0,0.0,0,0.0,0.0
53,ST015,MD021,Budget,Value,Tier 3,25200.0,6.5,62,6,6.825,0.0002708333333333333,6,151200.0,0.5
53,ST015,MD016,Budget,Value,Tier 3,23300.0,5.25,69,5,5.5125,0.00023658798283261804,5,116500.0,0.25
53,ST015,MD044,Upper-mid,Value,Tier 3,66900.0,1.0,10,1,1.05,1.569506726457399e-05,1,66900.0,0.0
53,ST015,MD017,Budget,Value,Tier 3,19500.0,1.0,8,1,0.9500000000000001,4.871794871794872e-05,1,19500.0,0.0
53,ST015,MD015,Budget,Value,Tier 3,16700.0,1.0,5,1,0.9500000000000001,5.6886227544910184e-05,1,16700.0,0.0
53,ST015,MD002,Keypad,Value,Tier 3,7900.0,1.0,17,1,0.9500000000000001,0.00012025316455696204,1,7900.0,0.0
53,ST015,MD003,Keypad,Value,Tier 3,6300.0,1.25,14,1,1.3125,0.00020833333333333335,1,6300.0,0.25
53,ST015,MD001,Keypad,Value,Tier 3,7600.0,0.5,6,0,0.47500000000000003,6.25e-05,0,0.0,0.5
53,ST015,MD004,Keypad,Value,Tier 3,8800.0,0.0,1,0,0.0,0.0,0,0.0,0.0
53,ST015,MD005,Entry,Value,Tier 3,11600.0,0.0,2,0,0.0,0.0,0,0.0,0.0
53,ST015,MD006,Entry,Value,Tier 3,13100.0,0.75,16,0,0.7125,5.438931297709924e-05,0,0.0,0.75
53,ST015,MD007,Entry,Value,Tier 3,14300.0,0.0,4,0,0.0,0.0,0,0.0,0.0
53,ST015,MD008,Entry,Value,Tier 3,8500.0,0.0,1,0,0.0,0.0,0,0.0,0.0
53,ST015,MD009,Entry,Value,Tier 3,11500.0,0.0,3,0,0.0,0.0,0,0.0,0.0
53,ST015,MD010,Entry,Value,Tier 3,9800.0,5.5,121,5,5.775,0.0005892857142857143,0,0.0,5.5
53,ST015,MD011,Entry,Value,Tier 3,12100.0,0.0,2,0,0.0,0.0,0,0.0,0.0
53,ST015,MD012,Entry,Value,Tier 3,9100.0,1.75,132,1,1.8375000000000001,0.00020192307692307694,0,0.0,1.75
53,ST015,MD013,Entry,Value,Tier 3,14500.0,0.0,1,0,0.0,0.0,0,0.0,0.0
53,ST015,MD014,Budget,Value,Tier 3,20600.0,0.25,1,0,0.23750000000000002,1.1529126213592233e-05,0,0.0,0.25
53,ST015,MD018,Budget,Value,Tier 3,15900.0,0.0,3,0,0.0,0.0,0,0.0,0.0
53,ST015,MD019,Budget,Value,Tier 3,25600.0,0.5,23,0,0.47500000000000003,1.8554687500000003e-05,0,0.0,0.5
53,ST015,MD020,Budget,Value,Tier 3,19500.0,0.0,5,0,0.0,0.0,0,0.0,0.0
53,ST015,MD022,Budget,Value,Tier 3,21400.0,0.0,1,0,0.0,0.0,0,0.0,0.0
53,ST015,MD023,Budget,Value,Tier 3,21300.0,0.0,1,0,0.0,0.0,0,0.0,0.0
53,ST015,MD024,Budget,Value,Tier 3,16600.0,0.5,19,0,0.47500000000000003,2.86144578313253e-05,0,0.0,0.5
53,ST015,MD025,Budget,Value,Tier 3,16000.0,0.0,1,0,0.0,0.0,0,0.0,0.0
53,ST015,MD026,Mid-range,Value,Tier 3,31900.0,0.0,1,0,0.0,0.0,0,0.0,0.0
53,ST015,MD027,Mid-range,Value,Tier 3,46300.0,0.75,27,0,0.7875000000000001,1.7008639308855292e-05,0,0.0,0.75
53,ST015,MD028,Mid-range,Value,Tier 3,36500.0,0.0,1,0,0.0,0.0,0,0.0,0.0
53,ST015,MD029,Mid-range,Value,Tier 3,31600.0,0.0,1,0,0.0,0.0,0,0.0,0.0
53,ST015,MD030,Mid-range,Value,Tier 3,27200.0,0.5,9,0,0.5083333333333333,1.8688725490196077e-05,0,0.0,0.5
53,ST015,MD031,Mid-range,Value,Tier 3,38400.0,0.0,1,0,0.0,0.0,0,0.0,0.0
53,ST015,MD032,Mid-range,Value,Tier 3,42200.0,0.25,7,0,0.23750000000000002,5.627962085308057e-06,0,0.0,0.25
53,ST015,MD033,Mid-range,Value,Tier 3,36100.0,0.25,1,0,0.2625,7.271468144044321e-06,0,0.0,0.25
53,ST015,MD034,Mid-range,Value,Tier 3,44100.0,0.0,1,0,0.0,0.0,0,0.0,0.0
53,ST015,MD035,Mid-range,Value,Tier 3,32400.0,0.25,19,0,0.23750000000000002,7.330246913580247e-06,0,0.0,0.25
53,ST015,MD036,Mid-range,Value,Tier 3,36400.0,0.0,1,0,0.0,0.0,0,0.0,0.0
53,ST015,MD037,Mid-range,Value,Tier 3,35400.0,0.25,6,0,0.23750000000000002,6.709039548022599e-06,0,0.0,0.25
53,ST015,MD038,Mid-range,Value,Tier 3,39900.0,1.0,37,1,1.05,2.6315789473684212e-05,0,0.0,1.0
53,ST015,MD039,Upper-mid,Value,Tier 3,51000.0,0.25,12,0,0.23750000000000002,4.65686274509804e-06,0,0.0,0.25
53,ST015,MD040,Upper-mid,Value,Tier 3,60000.0,0.0,1,0,0.0,0.0,0,0.0,0.0
53,ST015,MD041,Upper-mid,Value,Tier 3,69300.0,0.0,2,0,0.0,0.0,0,0.0,0.0
53,ST015,MD042,Upper-mid,Value,Tier 3,48300.0,0.0,1,0,0.0,0.0,0,0.0,0.0
53,ST015,MD043,Upper-mid,Value,Tier 3,59500.0,0.5,6,0,0.47500000000000003,7.983193277310926e-06,0,0.0,0.5
53,ST015,MD045,Upper-mid,Value,Tier 3,52500.0,0.0,1,0,0.0,0.0,0,0.0,0.0
53,ST015,MD046,Upper-mid,Value,Tier 3,71500.0,0.5,5,0,0.4838709677419355,6.767426122264832e-06,0,0.0,0.5
53,ST015,MD047,Upper-mid,Value,Tier 3,62300.0,0.0,1,0,0.0,0.0,0,0.0,0.0
53,ST015,MD048,Upper-mid,Value,Tier 3,59900.0,0.0,4,0,0.0,0.0,0,0.0,0.0
53,ST015,MD049,Premium,Value,Tier 3,70500.0,0.0,3,0,0.0,0.0,0,0.0,0.0
53,ST015,MD050,Premium,Value,Tier 3,97100.0,0.0,14,0,0.0,0.0,0,0.0,0.0
53,ST015,MD051,Premium,Value,Tier 3,82400.0,0.0,2,0,0.0,0.0,0,0.0,0.0
53,ST015,MD052,Premium,Value,Tier 3,96000.0,0.0,14,0,0.0,0.0,0,0.0,0.0
53,ST015,MD053,Premium,Value,Tier 3,82100.0,0.0,1,0,0.0,0.0,0,0.0,0.0
53,ST015,MD054,Premium,Value,Tier 3,74400.0,0.0,1,0,0.0,0.0,0,0.0,0.0
53,ST015,MD055,Premium,Value,Tier 3,75000.0,0.25,5,0,0.2625,3.5e-06,0,0.0,0.25
53,ST015,MD056,Flagship,Value,Tier 3,102800.0,0.0,1,0,0.0,0.0,0,0.0,0.0
53,ST015,MD057,Flagship,Value,Tier 3,119700.0,0.0,2,0,0.0,0.0,0,0.0,0.0
53,ST015,MD058,Flagship,Value,Tier 3,150000.0,0.0,2,0,0.0,0.0,0,0.0,0.0
53,ST015,MD059,Flagship,Value,Tier 3,128600.0,0.0,1,0,0.0,0.0,0,0.0,0.0
53,ST015,MD060,Flagship,Value,Tier 3,105100.0,0.0,1,0,0.0,0.0,0,0.0,0.0
53,ST016,MD010,Entry,Value,Tier 3,9800.0,7.5,121,7,7.875,0.0008035714285714286,7,68600.0,0.5
53,ST016,MD037,Mid-range,Value,Tier 3,35400.0,1.0,6,1,1.05,2.9661016949152544e-05,1,35400.0,0.0
53,ST016,MD035,Mid-range,Value,Tier 3,32400.0,1.5,19,1,1.5750000000000002,4.8611111111111115e-05,1,32400.0,0.5
53,ST016,MD019,Budget,Value,Tier 3,25600.0,1.25,23,1,1.1875,4.638671875e-05,1,25600.0,0.25
53,ST016,MD001,Keypad,Value,Tier 3,7600.0,0.0,6,0,0.0,0.0,0,0.0,0.0
53,ST016,MD002,Keypad,Value,Tier 3,7900.0,0.5,17,0,0.47500000000000003,6.012658227848102e-05,0,0.0,0.5
53,ST016,MD003,Keypad,Value,Tier 3,6300.0,0.75,14,0,0.7875000000000001,0.000125,0,0.0,0.75
53,ST016,MD004,Keypad,Value,Tier 3,8800.0,0.0,1,0,0.0,0.0,0,0.0,0.0
53,ST016,MD005,Entry,Value,Tier 3,11600.0,0.0,2,0,0.0,0.0,0,0.0,0.0
53,ST016,MD006,Entry,Value,Tier 3,13100.0,0.5,16,0,0.47500000000000003,3.625954198473283e-05,0,0.0,0.5
53,ST016,MD007,Entry,Value,Tier 3,14300.0,0.0,4,0,0.0,0.0,0,0.0,0.0
53,ST016,MD008,Entry,Value,Tier 3,8500.0,0.0,1,0,0.0,0.0,0,0.0,0.0
53,ST016,MD009,Entry,Value,Tier 3,11500.0,0.0,3,0,0.0,0.0,0,0.0,0.0
53,ST016,MD011,Entry,Value,Tier 3,12100.0,0.0,2,0,0.0,0.0,0,0.0,0.0
53,ST016,MD012,Entry,Value,Tier 3,9100.0,2.25,132,2,2.3625000000000003,0.00025961538461538467,0,0.0,2.25
53,ST016,MD013,Entry,Value,Tier 3,14500.0,0.0,1,0,0.0,0.0,0,0.0,0.0
53,ST016,MD014,Budget,Value,Tier 3,20600.0,0.0,1,0,0.0,0.0,0,0.0,0.0
53,ST016,MD015,Budget,Value,Tier 3,16700.0,0.25,5,0,0.23750000000000002,1.4221556886227546e-05,0,0.0,0.25
53,ST016,MD016,Budget,Value,Tier 3,23300.0,2.5,69,2,2.625,0.00011266094420600858,0,0.0,2.5
53,ST016,MD017,Budget,Value,Tier 3,19500.0,0.0,8,0,0.0,0.0,0,0.0,0.0
53,ST016,MD018,Budget,Value,Tier 3,15900.0,0.25,3,0,0.23750000000000002,1.4937106918238995e-05,0,0.0,0.25
53,ST016,MD020,Budget,Value,Tier 3,19500.0,0.0,5,0,0.0,0.0,0,0.0,0.0
53,ST016,MD021,Budget,Value,Tier 3,25200.0,2.75,62,2,2.8875,0.00011458333333333334,0,0.0,2.75
53,ST016,MD022,Budget,Value,Tier 3,21400.0,0.0,1,0,0.0,0.0,0,0.0,0.0
53,ST016,MD023,Budget,Value,Tier 3,21300.0,0.0,1,0,0.0,0.0,0,0.0,0.0
53,ST016,MD024,Budget,Value,Tier 3,16600.0,0.5,19,0,0.47500000000000003,2.86144578313253e-05,0,0.0,0.5
53,ST016,MD025,Budget,Value,Tier 3,16000.0,0.0,1,0,0.0,0.0,0,0.0,0.0
53,ST016,MD026,Mid-range,Value,Tier 3,31900.0,0.0,1,0,0.0,0.0,0,0.0,0.0
53,ST016,MD027,Mid-range,Value,Tier 3,46300.0,0.25,27,0,0.2625,5.669546436285098e-06,0,0.0,0.25
53,ST016,MD028,Mid-range,Value,Tier 3,36500.0,0.0,1,0,0.0,0.0,0,0.0,0.0
53,ST016,MD029,Mid-range,Value,Tier 3,31600.0,0.0,1,0,0.0,0.0,0,0.0,0.0
53,ST016,MD030,Mid-range,Value,Tier 3,27200.0,0.0,9,0,0.0,0.0,0,0.0,0.0
53,ST016,MD031,Mid-range,Value,Tier 3,38400.0,0.25,1,0,0.2625,6.8359375e-06,0,0.0,0.25
53,ST016,MD032,Mid-range,Value,Tier 3,42200.0,0.25,7,0,0.23750000000000002,5.627962085308057e-06,0,0.0,0.25
53,ST016,MD033,Mid-range,Value,Tier 3,36100.0,0.0,1,0,0.0,0.0,0,0.0,0.0
53,ST016,MD034,Mid-range,Value,Tier 3,44100.0,0.0,1,0,0.0,0.0,0,0.0,0.0
53,ST016,MD036,Mid-range,Value,Tier 3,36400.0,0.0,1,0,0.0,0.0,0,0.0,0.0
53,ST016,MD038,Mid-range,Value,Tier 3,39900.0,0.5,37,0,0.525,1.3157894736842106e-05,0,0.0,0.5
53,ST016,MD039,Upper-mid,Value,Tier 3,51000.0,0.25,12,0,0.23750000000000002,4.65686274509804e-06,0,0.0,0.25
53,ST016,MD040,Upper-mid,Value,Tier 3,60000.0,0.0,1,0,0.0,0.0,0,0.0,0.0
53,ST016,MD041,Upper-mid,Value,Tier 3,69300.0,0.0,2,0,0.0,0.0,0,0.0,0.0
53,ST016,MD042,Upper-mid,Value,Tier 3,48300.0,0.0,1,0,0.0,0.0,0,0.0,0.0
53,ST016,MD043,Upper-mid,Value,Tier 3,59500.0,0.0,6,0,0.0,0.0,0,0.0,0.0
53,ST016,MD044,Upper-mid,Value,Tier 3,66900.0,0.25,10,0,0.2625,3.923766816143498e-06,0,0.0,0.25
53,ST016,MD045,Upper-mid,Value,Tier 3,52500.0,0.0,1,0,0.0,0.0,0,0.0,0.0
53,ST016,MD046,Upper-mid,Value,Tier 3,71500.0,0.0,5,0,0.0,0.0,0,0.0,0.0
53,ST016,MD047,Upper-mid,Value,Tier 3,62300.0,0.0,1,0,0.0,0.0,0,0.0,0.0
53,ST016,MD048,Upper-mid,Value,Tier 3,59900.0,0.25,4,0,0.23750000000000002,3.964941569282137e-06,0,0.0,0.25
53,ST016,MD049,Premium,Value,Tier 3,70500.0,0.0,3,0,0.0,0.0,0,0.0,0.0
53,ST016,MD050,Premium,Value,Tier 3,97100.0,0.25,14,0,0.2625,2.7033985581874356e-06,0,0.0,0.25
53,ST016,MD051,Premium,Value,Tier 3,82400.0,0.0,2,0,0.0,0.0,0,0.0,0.0
53,ST016,MD052,Premium,Value,Tier 3,96000.0,0.25,14,0,0.2625,2.734375e-06,0,0.0,0.25
53,ST016,MD053,Premium,Value,Tier 3,82100.0,0.0,1,0,0.0,0.0,0,0.0,0.0
53,ST016,MD054,Premium,Value,Tier 3,74400.0,0.0,1,0,0.0,0.0,0,0.0,0.0
53,ST016,MD055,Premium,Value,Tier 3,75000.0,0.0,5,0,0.0,0.0,0,0.0,0.0
53,ST016,MD056,Flagship,Value,Tier 3,102800.0,0.0,1,0,0.0,0.0,0,0.0,0.0
53,ST016,MD057,Flagship,Value,Tier 3,119700.0,0.0,2,0,0.0,0.0,0,0.0,0.0
53,ST016,MD058,Flagship,Value,Tier 3,150000.0,0.0,2,0,0.0,0.0,0,0.0,0.0
53,ST016,MD059,Flagship,Value,Tier 3,128600.0,0.0,1,0,0.0,0.0,0,0.0,0.0
53,ST016,MD060,Flagship,Value,Tier 3,105100.0,0.0,1,0,0.0,0.0,0,0.0,0.0
53,ST017,MD021,Budget,Value,Tier 2,25200.0,5.0,62,5,5.25,0.00020833333333333335,5,126000.0,0.0
53,ST017,MD012,Entry,Value,Tier 2,9100.0,12.5,132,12,13.125,0.0014423076923076924,12,109200.0,0.5
53,ST017,MD016,Budget,Value,Tier 2,23300.0,3.5,69,3,3.6750000000000003,0.00015772532188841203,3,69900.0,0.5
53,ST017,MD010,Entry,Value,Tier 2,9800.0,6.75,121,6,7.0875,0.0007232142857142858,6,58800.0,0.75
53,ST017,MD027,Mid-range,Value,Tier 2,46300.0,1.5,27,1,1.5750000000000002,3.4017278617710585e-05,1,46300.0,0.5
53,ST017,MD035,Mid-range,Value,Tier 2,32400.0,1.5,19,1,1.5750000000000002,4.8611111111111115e-05,1,32400.0,0.5
53,ST017,MD024,Budget,Value,Tier 2,16600.0,1.5,19,1,1.425,8.584337349397591e-05,1,16600.0,0.5
53,ST017,MD001,Keypad,Value,Tier 2,7600.0,0.25,6,0,0.23750000000000002,3.125e-05,0,0.0,0.25
53,ST017,MD002,Keypad,Value,Tier 2,7900.0,0.5,17,0,0.47500000000000003,6.012658227848102e-05,0,0.0,0.5
53,ST017,MD003,Keypad,Value,Tier 2,6300.0,0.25,14,0,0.2625,4.1666666666666665e-05,0,0.0,0.25
53,ST017,MD004,Keypad,Value,Tier 2,8800.0,0.0,1,0,0.0,0.0,0,0.0,0.0
53,ST017,MD005,Entry,Value,Tier 2,11600.0,0.25,2,0,0.2625,2.2629310344827588e-05,0,0.0,0.25
53,ST017,MD006,Entry,Value,Tier 2,13100.0,0.75,16,0,0.7125,5.438931297709924e-05,0,0.0,0.75
53,ST017,MD007,Entry,Value,Tier 2,14300.0,0.25,4,0,0.2625,1.835664335664336e-05,0,0.0,0.25
53,ST017,MD008,Entry,Value,Tier 2,8500.0,0.0,1,0,0.0,0.0,0,0.0,0.0
53,ST017,MD009,Entry,Value,Tier 2,11500.0,0.25,3,0,0.23750000000000002,2.065217391304348e-05,0,0.0,0.25
53,ST017,MD011,Entry,Value,Tier 2,12100.0,0.25,2,0,0.23750000000000002,1.962809917355372e-05,0,0.0,0.25
53,ST017,MD013,Entry,Value,Tier 2,14500.0,0.0,1,0,0.0,0.0,0,0.0,0.0
53,ST017,MD014,Budget,Value,Tier 2,20600.0,0.25,1,0,0.23750000000000002,1.1529126213592233e-05,0,0.0,0.25
53,ST017,MD015,Budget,Value,Tier 2,16700.0,0.25,5,0,0.23750000000000002,1.4221556886227546e-05,0,0.0,0.25
53,ST017,MD017,Budget,Value,Tier 2,19500.0,0.0,8,0,0.0,0.0,0,0.0,0.0
53,ST017,MD018,Budget,Value,Tier 2,15900.0,0.25,3,0,0.23750000000000002,1.4937106918238995e-05,0,0.0,0.25
53,ST017,MD019,Budget,Value,Tier 2,25600.0,0.5,23,0,0.47500000000000003,1.8554687500000003e-05,0,0.0,0.5
53,ST017,MD020,Budget,Value,Tier 2,19500.0,0.25,5,0,0.23750000000000002,1.217948717948718e-05,0,0.0,0.25
53,ST017,MD022,Budget,Value,Tier 2,21400.0,0.0,1,0,0.0,0.0,0,0.0,0.0
53,ST017,MD023,Budget,Value,Tier 2,21300.0,0.0,1,0,0.0,0.0,0,0.0,0.0
53,ST017,MD025,Budget,Value,Tier 2,16000.0,0.0,1,0,0.0,0.0,0,0.0,0.0
53,ST017,MD026,Mid-range,Value,Tier 2,31900.0,0.0,1,0,0.0,0.0,0,0.0,0.0
53,ST017,MD028,Mid-range,Value,Tier 2,36500.0,0.0,1,0,0.0,0.0,0,0.0,0.0
53,ST017,MD029,Mid-range,Value,Tier 2,31600.0,0.0,1,0,0.0,0.0,0,0.0,0.0
53,ST017,MD030,Mid-range,Value,Tier 2,27200.0,0.25,9,0,0.23750000000000002,8.731617647058824e-06,0,0.0,0.25
53,ST017,MD031,Mid-range,Value,Tier 2,38400.0,0.0,1,0,0.0,0.0,0,0.0,0.0
53,ST017,MD032,Mid-range,Value,Tier 2,42200.0,0.25,7,0,0.23750000000000002,5.627962085308057e-06,0,0.0,0.25
53,ST017,MD033,Mid-range,Value,Tier 2,36100.0,0.0,1,0,0.0,0.0,0,0.0,0.0
53,ST017,MD034,Mid-range,Value,Tier 2,44100.0,0.0,1,0,0.0,0.0,0,0.0,0.0
53,ST017,MD036,Mid-range,Value,Tier 2,36400.0,0.0,1,0,0.0,0.0,0,0.0,0.0
53,ST017,MD037,Mid-range,Value,Tier 2,35400.0,0.0,6,0,0.0,0.0,0,0.0,0.0
53,ST017,MD038,Mid-range,Value,Tier 2,39900.0,1.5,37,1,1.5750000000000002,3.947368421052632e-05,0,0.0,1.5
53,ST017,MD039,Upper-mid,Value,Tier 2,51000.0,0.0,12,0,0.0,0.0,0,0.0,0.0
53,ST017,MD040,Upper-mid,Value,Tier 2,60000.0,0.0,1,0,0.0,0.0,0,0.0,0.0
53,ST017,MD041,Upper-mid,Value,Tier 2,69300.0,0.0,2,0,0.0,0.0,0,0.0,0.0
53,ST017,MD042,Upper-mid,Value,Tier 2,48300.0,0.0,1,0,0.0,0.0,0,0.0,0.0
53,ST017,MD043,Upper-mid,Value,Tier 2,59500.0,0.25,6,0,0.23750000000000002,3.991596638655463e-06,0,0.0,0.25
53,ST017,MD044,Upper-mid,Value,Tier 2,66900.0,0.5,10,0,0.525,7.847533632286996e-06,0,0.0,0.5
53,ST017,MD045,Upper-mid,Value,Tier 2,52500.0,0.0,1,0,0.0,0.0,0,0.0,0.0
53,ST017,MD046,Upper-mid,Value,Tier 2,71500.0,0.5,5,0,0.47500000000000003,6.643356643356644e-06,0,0.0,0.5
53,ST017,MD047,Upper-mid,Value,Tier 2,62300.0,0.0,1,0,0.0,0.0,0,0.0,0.0
53,ST017,MD048,Upper-mid,Value,Tier 2,59900.0,0.25,4,0,0.23750000000000002,3.964941569282137e-06,0,0.0,0.25
53,ST017,MD049,Premium,Value,Tier 2,70500.0,0.0,3,0,0.0,0.0,0,0.0,0.0
53,ST017,MD050,Premium,Value,Tier 2,97100.0,1.25,14,1,1.3125,1.3516992790937178e-05,0,0.0,1.25
53,ST017,MD051,Premium,Value,Tier 2,82400.0,0.0,2,0,0.0,0.0,0,0.0,0.0
53,ST017,MD052,Premium,Value,Tier 2,96000.0,0.25,14,0,0.2625,2.734375e-06,0,0.0,0.25
53,ST017,MD053,Premium,Value,Tier 2,82100.0,0.0,1,0,0.0,0.0,0,0.0,0.0
53,ST017,MD054,Premium,Value,Tier 2,74400.0,0.0,1,0,0.0,0.0,0,0.0,0.0
53,ST017,MD055,Premium,Value,Tier 2,75000.0,0.25,5,0,0.23750000000000002,3.1666666666666667e-06,0,0.0,0.25
53,ST017,MD056,Flagship,Value,Tier 2,102800.0,0.0,1,0,0.0,0.0,0,0.0,0.0
53,ST017,MD057,Flagship,Value,Tier 2,119700.0,0.0,2,0,0.0,0.0,0,0.0,0.0
53,ST017,MD058,Flagship,Value,Tier 2,150000.0,0.0,2,0,0.0,0.0,0,0.0,0.0
53,ST017,MD059,Flagship,Value,Tier 2,128600.0,0.0,1,0,0.0,0.0,0,0.0,0.0
53,ST017,MD060,Flagship,Value,Tier 2,105100.0,0.0,1,0,0.0,0.0,0,0.0,0.0
53,ST018,MD021,Budget,Value,Tier 2,25200.0,8.5,62,8,8.925,0.0003541666666666667,8,201600.0,0.5
53,ST018,MD016,Budget,Value,Tier 2,23300.0,5.5,69,5,5.775,0.0002478540772532189,5,116500.0,0.5
53,ST018,MD010,Entry,Value,Tier 2,9800.0,11.25,121,11,11.8125,0.0012053571428571428,11,107800.0,0.25
53,ST018,MD052,Premium,Value,Tier 2,96000.0,1.5,14,1,1.5750000000000002,1.6406250000000002e-05,1,96000.0,0.5
53,ST018,MD027,Mid-range,Value,Tier 2,46300.0,2.25,27,2,2.3625000000000003,5.102591792656588e-05,2,92600.0,0.25
53,ST018,MD044,Upper-mid,Value,Tier 2,66900.0,1.25,10,1,1.3125,1.961883408071749e-05,1,66900.0,0.25
53,ST018,MD024,Budget,Value,Tier 2,16600.0,2.75,19,2,2.6125000000000003,0.00015737951807228917,2,33200.0,0.75
53,ST018,MD035,Mid-range,Value,Tier 2,32400.0,1.25,19,1,1.2620967741935485,3.895360414177619e-05,1,32400.0,0.25
53,ST018,MD019,Budget,Value,Tier 2,25600.0,1.0,23,1,0.9500000000000001,3.7109375000000006e-05,1,25600.0,0.0
53,ST018,MD001,Keypad,Value,Tier 2,7600.0,0.0,6,0,0.0,0.0,0,0.0,0.0
53,ST018,MD002,Keypad,Value,Tier 2,7900.0,0.5,17,0,0.47500000000000003,6.012658227848102e-05,0,0.0,0.5
53,ST018,MD003,Keypad,Value,Tier 2,6300.0,0.25,14,0,0.2625,4.1666666666666665e-05,0,0.0,0.25
53,ST018,MD004,Keypad,Value,Tier 2,8800.0,0.0,1,0,0.0,0.0,0,0.0,0.0
53,ST018,MD005,Entry,Value,Tier 2,11600.0,0.25,2,0,0.2590909090909091,2.2335423197492165e-05,0,0.0,0.25
53,ST018,MD006,Entry,Value,Tier 2,13100.0,0.5,16,0,0.47500000000000003,3.625954198473283e-05,0,0.0,0.5
53,ST018,MD007,Entry,Value,Tier 2,14300.0,0.25,4,0,0.2625,1.835664335664336e-05,0,0.0,0.25
53,ST018,MD008,Entry,Value,Tier 2,8500.0,0.0,1,0,0.0,0.0,0,0.0,0.0
53,ST018,MD009,Entry,Value,Tier 2,11500.0,0.75,3,0,0.7125,6.195652173913044e-05,0,0.0,0.75
53,ST018,MD011,Entry,Value,Tier 2,12100.0,0.0,2,0,0.0,0.0,0,0.0,0.0
53,ST018,MD012,Entry,Value,Tier 2,9100.0,3.0,132,3,3.1500000000000004,0.0003461538461538462,0,0.0,3.0
53,ST018,MD013,Entry,Value,Tier 2,14500.0,0.0,1,0,0.0,0.0,0,0.0,0.0
53,ST018,MD014,Budget,Value,Tier 2,20600.0,0.0,1,0,0.0,0.0,0,0.0,0.0
53,ST018,MD015,Budget,Value,Tier 2,16700.0,0.0,5,0,0.0,0.0,0,0.0,0.0
53,ST018,MD017,Budget,Value,Tier 2,19500.0,0.0,8,0,0.0,0.0,0,0.0,0.0
53,ST018,MD018,Budget,Value,Tier 2,15900.0,0.25,3,0,0.23750000000000002,1.4937106918238995e-05,0,0.0,0.25
53,ST018,MD020,Budget,Value,Tier 2,19500.0,0.25,5,0,0.23750000000000002,1.217948717948718e-05,0,0.0,0.25
53,ST018,MD022,Budget,Value,Tier 2,21400.0,0.0,1,0,0.0,0.0,0,0.0,0.0
53,ST018,MD023,Budget,Value,Tier 2,21300.0,0.25,1,0,0.23823529411764707,1.1184755592377796e-05,0,0.0,0.25
53,ST018,MD025,Budget,Value,Tier 2,16000.0,0.0,1,0,0.0,0.0,0,0.0,0.0
53,ST018,MD026,Mid-range,Value,Tier 2,31900.0,0.25,1,0,0.23750000000000002,7.445141065830722e-06,0,0.0,0.25
53,ST018,MD028,Mid-range,Value,Tier 2,36500.0,0.0,1,0,0.0,0.0,0,0.0,0.0
53,ST018,MD029,Mid-range,Value,Tier 2,31600.0,0.0,1,0,0.0,0.0,0,0.0,0.0
53,ST018,MD030,Mid-range,Value,Tier 2,27200.0,0.5,9,0,0.47500000000000003,1.7463235294117647e-05,0,0.0,0.5
53,ST018,MD031,Mid-range,Value,Tier 2,38400.0,0.0,1,0,0.0,0.0,0,0.0,0.0
53,ST018,MD032,Mid-range,Value,Tier 2,42200.0,0.0,7,0,0.0,0.0,0,0.0,0.0
53,ST018,MD033,Mid-range,Value,Tier 2,36100.0,0.0,1,0,0.0,0.0,0,0.0,0.0
53,ST018,MD034,Mid-range,Value,Tier 2,44100.0,0.0,1,0,0.0,0.0,0,0.0,0.0
53,ST018,MD036,Mid-range,Value,Tier 2,36400.0,0.0,1,0,0.0,0.0,0,0.0,0.0
53,ST018,MD037,Mid-range,Value,Tier 2,35400.0,0.25,6,0,0.23750000000000002,6.709039548022599e-06,0,0.0,0.25
53,ST018,MD038,Mid-range,Value,Tier 2,39900.0,1.5,37,1,1.5750000000000002,3.947368421052632e-05,0,0.0,1.5
53,ST018,MD039,Upper-mid,Value,Tier 2,51000.0,0.25,12,0,0.2625,5.147058823529412e-06,0,0.0,0.25
53,ST018,MD040,Upper-mid,Value,Tier 2,60000.0,0.0,1,0,0.0,0.0,0,0.0,0.0
53,ST018,MD041,Upper-mid,Value,Tier 2,69300.0,0.0,2,0,0.0,0.0,0,0.0,0.0
53,ST018,MD042,Upper-mid,Value,Tier 2,48300.0,0.0,1,0,0.0,0.0,0,0.0,0.0
53,ST018,MD043,Upper-mid,Value,Tier 2,59500.0,0.5,6,0,0.47500000000000003,7.983193277310926e-06,0,0.0,0.5
53,ST018,MD045,Upper-mid,Value,Tier 2,52500.0,0.5,1,0,0.47500000000000003,9.047619047619049e-06,0,0.0,0.5
53,ST018,MD046,Upper-mid,Value,Tier 2,71500.0,0.0,5,0,0.0,0.0,0,0.0,0.0
53,ST018,MD047,Upper-mid,Value,Tier 2,62300.0,0.0,1,0,0.0,0.0,0,0.0,0.0
53,ST018,MD048,Upper-mid,Value,Tier 2,59900.0,0.75,4,0,0.7125,1.189482470784641e-05,0,0.0,0.75
53,ST018,MD049,Premium,Value,Tier 2,70500.0,0.0,3,0,0.0,0.0,0,0.0,0.0
53,ST018,MD050,Premium,Value,Tier 2,97100.0,0.25,14,0,0.2625,2.7033985581874356e-06,0,0.0,0.25
53,ST018,MD051,Premium,Value,Tier 2,82400.0,0.25,2,0,0.23750000000000002,2.8822815533980583e-06,0,0.0,0.25
53,ST018,MD053,Premium,Value,Tier 2,82100.0,0.0,1,0,0.0,0.0,0,0.0,0.0
53,ST018,MD054,Premium,Value,Tier 2,74400.0,0.0,1,0,0.0,0.0,0,0.0,0.0
53,ST018,MD055,Premium,Value,Tier 2,75000.0,0.75,5,0,0.7125,9.5e-06,0,0.0,0.75
53,ST018,MD056,Flagship,Value,Tier 2,102800.0,0.0,1,0,0.0,0.0,0,0.0,0.0
53,ST018,MD057,Flagship,Value,Tier 2,119700.0,0.0,2,0,0.0,0.0,0,0.0,0.0
53,ST018,MD058,Flagship,Value,Tier 2,150000.0,0.25,2,0,0.2625,1.75e-06,0,0.0,0.25
53,ST018,MD059,Flagship,Value,Tier 2,128600.0,0.0,1,0,0.0,0.0,0,0.0,0.0
53,ST018,MD060,Flagship,Value,Tier 2,105100.0,0.0,1,0,0.0,0.0,0,0.0,0.0
53,ST019,MD016,Budget,Balanced,Tier 2,23300.0,3.5,69,3,3.7485000000000004,0.00016087982832618027,3,69900.0,0.5
53,ST019,MD027,Mid-range,Balanced,Tier 2,46300.0,1.25,27,1,1.33875,2.8914686825054e-05,1,46300.0,0.25
53,ST019,MD038,Mid-range,Balanced,Tier 2,39900.0,1.75,37,1,1.8742500000000002,4.697368421052632e-05,1,39900.0,0.75
53,ST019,MD035,Mid-range,Balanced,Tier 2,32400.0,1.75,19,1,1.8742500000000002,5.784722222222223e-05,1,32400.0,0.75
53,ST019,MD019,Budget,Balanced,Tier 2,25600.0,1.75,23,1,1.69575,6.6240234375e-05,1,25600.0,0.75
53,ST019,MD017,Budget,Balanced,Tier 2,19500.0,1.25,8,1,1.21125,6.211538461538461e-05,1,19500.0,0.25
53,ST019,MD024,Budget,Balanced,Tier 2,16600.0,1.75,19,1,1.8241829268292684,0.0001098905377607993,1,16600.0,0.75
53,ST019,MD001,Keypad,Balanced,Tier 2,7600.0,0.0,6,0,0.0,0.0,0,0.0,0.0
53,ST019,MD002,Keypad,Balanced,Tier 2,7900.0,0.75,17,0,0.72675,9.199367088607595e-05,0,0.0,0.75
53,ST019,MD003,Keypad,Balanced,Tier 2,6300.0,0.25,14,0,0.26775000000000004,4.250000000000001e-05,0,0.0,0.25
53,ST019,MD004,Keypad,Balanced,Tier 2,8800.0,0.0,1,0,0.0,0.0,0,0.0,0.0
53,ST019,MD005,Entry,Balanced,Tier 2,11600.0,0.0,2,0,0.0,0.0,0,0.0,0.0
53,ST019,MD006,Entry,Balanced,Tier 2,13100.0,0.75,16,0,0.72675,5.547709923664122e-05,0,0.0,0.75
53,ST019,MD007,Entry,Balanced,Tier 2,14300.0,0.0,4,0,0.0,0.0,0,0.0,0.0
53,ST019,MD008,Entry,Balanced,Tier 2,8500.0,0.25,1,0,0.26427272727272727,3.1090909090909094e-05,0,0.0,0.25
53,ST019,MD009,Entry,Balanced,Tier 2,11500.0,0.25,3,0,0.24225000000000002,2.106521739130435e-05,0,0.0,0.25
53,ST019,MD010,Entry,Balanced,Tier 2,9800.0,3.5,121,3,3.7485000000000004,0.00038250000000000003,0,0.0,3.5
53,ST019,MD011,Entry,Balanced,Tier 2,12100.0,0.0,2,0,0.0,0.0,0,0.0,0.0
53,ST019,MD012,Entry,Balanced,Tier 2,9100.0,1.5,132,1,1.6065000000000003,0.00017653846153846157,0,0.0,1.5
53,ST019,MD013,Entry,Balanced,Tier 2,14500.0,0.0,1,0,0.0,0.0,0,0.0,0.0
53,ST019,MD014,Budget,Balanced,Tier 2,20600.0,0.0,1,0,0.0,0.0,0,0.0,0.0
53,ST019,MD015,Budget,Balanced,Tier 2,16700.0,0.0,5,0,0.0,0.0,0,0.0,0.0
53,ST019,MD018,Budget,Balanced,Tier 2,15900.0,0.0,3,0,0.0,0.0,0,0.0,0.0
53,ST019,MD020,Budget,Balanced,Tier 2,19500.0,0.0,5,0,0.0,0.0,0,0.0,0.0
53,ST019,MD021,Budget,Balanced,Tier 2,25200.0,2.0,62,2,2.1420000000000003,8.500000000000002e-05,0,0.0,2.0
53,ST019,MD022,Budget,Balanced,Tier 2,21400.0,0.0,1,0,0.0,0.0,0,0.0,0.0
53,ST019,MD023,Budget,Balanced,Tier 2,21300.0,0.25,1,0,0.24225000000000002,1.1373239436619719e-05,0,0.0,0.25
53,ST019,MD025,Budget,Balanced,Tier 2,16000.0,0.0,1,0,0.0,0.0,0,0.0,0.0
53,ST019,MD026,Mid-range,Balanced,Tier 2,31900.0,0.0,1,0,0.0,0.0,0,0.0,0.0
53,ST019,MD028,Mid-range,Balanced,Tier 2,36500.0,0.0,1,0,0.0,0.0,0,0.0,0.0
53,ST019,MD029,Mid-range,Balanced,Tier 2,31600.0,0.0,1,0,0.0,0.0,0,0.0,0.0
53,ST019,MD030,Mid-range,Balanced,Tier 2,27200.0,0.5,9,0,0.48450000000000004,1.7812500000000003e-05,0,0.0,0.5
53,ST019,MD031,Mid-range,Balanced,Tier 2,38400.0,0.0,1,0,0.0,0.0,0,0.0,0.0
53,ST019,MD032,Mid-range,Balanced,Tier 2,42200.0,0.75,7,0,0.72675,1.7221563981042653e-05,0,0.0,0.75
53,ST019,MD033,Mid-range,Balanced,Tier 2,36100.0,0.0,1,0,0.0,0.0,0,0.0,0.0
53,ST019,MD034,Mid-range,Balanced,Tier 2,44100.0,0.0,1,0,0.0,0.0,0,0.0,0.0
53,ST019,MD036,Mid-range,Balanced,Tier 2,36400.0,0.0,1,0,0.0,0.0,0,0.0,0.0
53,ST019,MD037,Mid-range,Balanced,Tier 2,35400.0,0.25,6,0,0.24225000000000002,6.843220338983051e-06,0,0.0,0.25
53,ST019,MD039,Upper-mid,Balanced,Tier 2,51000.0,0.75,12,0,0.72675,1.425e-05,0,0.0,0.75
53,ST019,MD040,Upper-mid,Balanced,Tier 2,60000.0,0.0,1,0,0.0,0.0,0,0.0,0.0
53,ST019,MD041,Upper-mid,Balanced,Tier 2,69300.0,0.0,2,0,0.0,0.0,0,0.0,0.0
53,ST019,MD042,Upper-mid,Balanced,Tier 2,48300.0,0.0,1,0,0.0,0.0,0,0.0,0.0
53,ST019,MD043,Upper-mid,Balanced,Tier 2,59500.0,0.0,6,0,0.0,0.0,0,0.0,0.0
53,ST019,MD044,Upper-mid,Balanced,Tier 2,66900.0,0.25,10,0,0.26775000000000004,4.002242152466369e-06,0,0.0,0.25
53,ST019,MD045,Upper-mid,Balanced,Tier 2,52500.0,0.0,1,0,0.0,0.0,0,0.0,0.0
53,ST019,MD046,Upper-mid,Balanced,Tier 2,71500.0,0.0,5,0,0.0,0.0,0,0.0,0.0
53,ST019,MD047,Upper-mid,Balanced,Tier 2,62300.0,0.0,1,0,0.0,0.0,0,0.0,0.0
53,ST019,MD048,Upper-mid,Balanced,Tier 2,59900.0,0.0,4,0,0.0,0.0,0,0.0,0.0
53,ST019,MD049,Premium,Balanced,Tier 2,70500.0,0.0,3,0,0.0,0.0,0,0.0,0.0
53,ST019,MD050,Premium,Balanced,Tier 2,97100.0,0.5,14,0,0.5355000000000001,5.51493305870237e-06,0,0.0,0.5
53,ST019,MD051,Premium,Balanced,Tier 2,82400.0,0.0,2,0,0.0,0.0,0,0.0,0.0
53,ST019,MD052,Premium,Balanced,Tier 2,96000.0,0.0,14,0,0.0,0.0,0,0.0,0.0
53,ST019,MD053,Premium,Balanced,Tier 2,82100.0,0.0,1,0,0.0,0.0,0,0.0,0.0
53,ST019,MD054,Premium,Balanced,Tier 2,74400.0,0.0,1,0,0.0,0.0,0,0.0,0.0
53,ST019,MD055,Premium,Balanced,Tier 2,75000.0,0.25,5,0,0.26775000000000004,3.5700000000000005e-06,0,0.0,0.25
53,ST019,MD056,Flagship,Balanced,Tier 2,102800.0,0.0,1,0,0.0,0.0,0,0.0,0.0
53,ST019,MD057,Flagship,Balanced,Tier 2,119700.0,0.25,2,0,0.24225000000000002,2.023809523809524e-06,0,0.0,0.25
53,ST019,MD058,Flagship,Balanced,Tier 2,150000.0,0.0,2,0,0.0,0.0,0,0.0,0.0
53,ST019,MD059,Flagship,Balanced,Tier 2,128600.0,0.0,1,0,0.0,0.0,0,0.0,0.0
53,ST019,MD060,Flagship,Balanced,Tier 2,105100.0,0.0,1,0,0.0,0.0,0,0.0,0.0
53,ST020,MD016,Budget,Value,Tier 3,23300.0,3.0,69,3,3.1500000000000004,0.00013519313304721033,2,46600.0,1.0
53,ST020,MD017,Budget,Value,Tier 3,19500.0,1.25,8,1,1.1875,6.08974358974359e-05,1,19500.0,0.25
53,ST020,MD024,Budget,Value,Tier 3,16600.0,1.0,19,1,0.9500000000000001,5.72289156626506e-05,1,16600.0,0.0
53,ST020,MD003,Keypad,Value,Tier 3,6300.0,1.5,14,1,1.5750000000000002,0.00025,1,6300.0,0.5
53,ST020,MD001,Keypad,Value,Tier 3,7600.0,0.0,6,0,0.0,0.0,0,0.0,0.0
53,ST020,MD002,Keypad,Value,Tier 3,7900.0,0.5,17,0,0.47500000000000003,6.012658227848102e-05,0,0.0,0.5
53,ST020,MD004,Keypad,Value,Tier 3,8800.0,0.0,1,0,0.0,0.0,0,0.0,0.0
53,ST020,MD005,Entry,Value,Tier 3,11600.0,0.0,2,0,0.0,0.0,0,0.0,0.0
53,ST020,MD006,Entry,Value,Tier 3,13100.0,0.5,16,0,0.47500000000000003,3.625954198473283e-05,0,0.0,0.5
53,ST020,MD007,Entry,Value,Tier 3,14300.0,0.0,4,0,0.0,0.0,0,0.0,0.0
53,ST020,MD008,Entry,Value,Tier 3,8500.0,0.0,1,0,0.0,0.0,0,0.0,0.0
53,ST020,MD009,Entry,Value,Tier 3,11500.0,0.5,3,0,0.47500000000000003,4.130434782608696e-05,0,0.0,0.5
53,ST020,MD010,Entry,Value,Tier 3,9800.0,4.75,121,4,4.9875,0.0005089285714285714,0,0.0,4.75
53,ST020,MD011,Entry,Value,Tier 3,12100.0,0.25,2,0,0.23750000000000002,1.962809917355372e-05,0,0.0,0.25
53,ST020,MD012,Entry,Value,Tier 3,9100.0,5.25,132,5,5.5125,0.0006057692307692308,0,0.0,5.25
53,ST020,MD013,Entry,Value,Tier 3,14500.0,0.0,1,0,0.0,0.0,0,0.0,0.0
53,ST020,MD014,Budget,Value,Tier 3,20600.0,0.0,1,0,0.0,0.0,0,0.0,0.0
53,ST020,MD015,Budget,Value,Tier 3,16700.0,0.25,5,0,0.23750000000000002,1.4221556886227546e-05,0,0.0,0.25
53,ST020,MD018,Budget,Value,Tier 3,15900.0,0.0,3,0,0.0,0.0,0,0.0,0.0
53,ST020,MD019,Budget,Value,Tier 3,25600.0,0.75,23,0,0.7125,2.783203125e-05,0,0.0,0.75
53,ST020,MD020,Budget,Value,Tier 3,19500.0,0.75,5,0,0.7125,3.653846153846154e-05,0,0.0,0.75
53,ST020,MD021,Budget,Value,Tier 3,25200.0,2.0,62,2,2.1,8.333333333333333e-05,0,0.0,2.0
53,ST020,MD022,Budget,Value,Tier 3,21400.0,0.0,1,0,0.0,0.0,0,0.0,0.0
53,ST020,MD023,Budget,Value,Tier 3,21300.0,0.0,1,0,0.0,0.0,0,0.0,0.0
53,ST020,MD025,Budget,Value,Tier 3,16000.0,0.0,1,0,0.0,0.0,0,0.0,0.0
53,ST020,MD026,Mid-range,Value,Tier 3,31900.0,0.0,1,0,0.0,0.0,0,0.0,0.0
53,ST020,MD027,Mid-range,Value,Tier 3,46300.0,0.5,27,0,0.525,1.1339092872570195e-05,0,0.0,0.5
53,ST020,MD028,Mid-range,Value,Tier 3,36500.0,0.0,1,0,0.0,0.0,0,0.0,0.0
53,ST020,MD029,Mid-range,Value,Tier 3,31600.0,0.0,1,0,0.0,0.0,0,0.0,0.0
53,ST020,MD030,Mid-range,Value,Tier 3,27200.0,0.0,9,0,0.0,0.0,0,0.0,0.0
53,ST020,MD031,Mid-range,Value,Tier 3,38400.0,0.0,1,0,0.0,0.0,0,0.0,0.0
53,ST020,MD032,Mid-range,Value,Tier 3,42200.0,0.25,7,0,0.23750000000000002,5.627962085308057e-06,0,0.0,0.25
53,ST020,MD033,Mid-range,Value,Tier 3,36100.0,0.0,1,0,0.0,0.0,0,0.0,0.0
53,ST020,MD034,Mid-range,Value,Tier 3,44100.0,0.0,1,0,0.0,0.0,0,0.0,0.0
53,ST020,MD035,Mid-range,Value,Tier 3,32400.0,0.5,19,0,0.525,1.6203703703703704e-05,0,0.0,0.5
53,ST020,MD036,Mid-range,Value,Tier 3,36400.0,0.0,1,0,0.0,0.0,0,0.0,0.0
53,ST020,MD037,Mid-range,Value,Tier 3,35400.0,0.25,6,0,0.23750000000000002,6.709039548022599e-06,0,0.0,0.25
53,ST020,MD038,Mid-range,Value,Tier 3,39900.0,0.25,37,0,0.2625,6.578947368421053e-06,0,0.0,0.25
53,ST020,MD039,Upper-mid,Value,Tier 3,51000.0,0.25,12,0,0.23750000000000002,4.65686274509804e-06,0,0.0,0.25
53,ST020,MD040,Upper-mid,Value,Tier 3,60000.0,0.0,1,0,0.0,0.0,0,0.0,0.0
53,ST020,MD041,Upper-mid,Value,Tier 3,69300.0,0.0,2,0,0.0,0.0,0,0.0,0.0
53,ST020,MD042,Upper-mid,Value,Tier 3,48300.0,0.0,1,0,0.0,0.0,0,0.0,0.0
53,ST020,MD043,Upper-mid,Value,Tier 3,59500.0,0.25,6,0,0.23750000000000002,3.991596638655463e-06,0,0.0,0.25
53,ST020,MD044,Upper-mid,Value,Tier 3,66900.0,0.25,10,0,0.2625,3.923766816143498e-06,0,0.0,0.25
53,ST020,MD045,Upper-mid,Value,Tier 3,52500.0,0.0,1,0,0.0,0.0,0,0.0,0.0
53,ST020,MD046,Upper-mid,Value,Tier 3,71500.0,0.0,5,0,0.0,0.0,0,0.0,0.0
53,ST020,MD047,Upper-mid,Value,Tier 3,62300.0,0.0,1,0,0.0,0.0,0,0.0,0.0
53,ST020,MD048,Upper-mid,Value,Tier 3,59900.0,0.25,4,0,0.25,4.173622704507513e-06,0,0.0,0.25
53,ST020,MD049,Premium,Value,Tier 3,70500.0,0.0,3,0,0.0,0.0,0,0.0,0.0
53,ST020,MD050,Premium,Value,Tier 3,97100.0,0.0,14,0,0.0,0.0,0,0.0,0.0
53,ST020,MD051,Premium,Value,Tier 3,82400.0,0.0,2,0,0.0,0.0,0,0.0,0.0
53,ST020,MD052,Premium,Value,Tier 3,96000.0,0.0,14,0,0.0,0.0,0,0.0,0.0
53,ST020,MD053,Premium,Value,Tier 3,82100.0,0.0,1,0,0.0,0.0,0,0.0,0.0
53,ST020,MD054,Premium,Value,Tier 3,74400.0,0.0,1,0,0.0,0.0,0,0.0,0.0
53,ST020,MD055,Premium,Value,Tier 3,75000.0,0.0,5,0,0.0,0.0,0,0.0,0.0
53,ST020,MD056,Flagship,Value,Tier 3,102800.0,0.0,1,0,0.0,0.0,0,0.0,0.0
53,ST020,MD057,Flagship,Value,Tier 3,119700.0,0.0,2,0,0.0,0.0,0,0.0,0.0
53,ST020,MD058,Flagship,Value,Tier 3,150000.0,0.0,2,0,0.0,0.0,0,0.0,0.0
53,ST020,MD059,Flagship,Value,Tier 3,128600.0,0.0,1,0,0.0,0.0,0,0.0,0.0
53,ST020,MD060,Flagship,Value,Tier 3,105100.0,0.0,1,0,0.0,0.0,0,0.0,0.0
53,ST021,MD021,Budget,Value,Tier 3,25200.0,3.75,62,3,3.9375,0.00015625,3,75600.0,0.75
53,ST021,MD012,Entry,Value,Tier 3,9100.0,8.25,132,8,8.6625,0.0009519230769230769,8,72800.0,0.25
53,ST021,MD019,Budget,Value,Tier 3,25600.0,1.5,23,1,1.5714285714285716,6.138392857142858e-05,1,25600.0,0.5
53,ST021,MD024,Budget,Value,Tier 3,16600.0,1.0,19,1,0.9500000000000001,5.72289156626506e-05,1,16600.0,0.0
53,ST021,MD001,Keypad,Value,Tier 3,7600.0,0.5,6,0,0.47500000000000003,6.25e-05,0,0.0,0.5
53,ST021,MD002,Keypad,Value,Tier 3,7900.0,0.75,17,0,0.7125,9.018987341772152e-05,0,0.0,0.75
53,ST021,MD003,Keypad,Value,Tier 3,6300.0,0.5,14,0,0.525,8.333333333333333e-05,0,0.0,0.5
53,ST021,MD004,Keypad,Value,Tier 3,8800.0,0.0,1,0,0.0,0.0,0,0.0,0.0
53,ST021,MD005,Entry,Value,Tier 3,11600.0,0.25,2,0,0.23750000000000002,2.0474137931034484e-05,0,0.0,0.25
53,ST021,MD006,Entry,Value,Tier 3,13100.0,0.25,16,0,0.23750000000000002,1.8129770992366415e-05,0,0.0,0.25
53,ST021,MD007,Entry,Value,Tier 3,14300.0,0.75,4,0,0.7875000000000001,5.506993006993008e-05,0,0.0,0.75
53,ST021,MD008,Entry,Value,Tier 3,8500.0,0.0,1,0,0.0,0.0,0,0.0,0.0
53,ST021,MD009,Entry,Value,Tier 3,11500.0,0.0,3,0,0.0,0.0,0,0.0,0.0
53,ST021,MD010,Entry,Value,Tier 3,9800.0,4.25,121,4,4.4625,0.0004553571428571429,0,0.0,4.25
53,ST021,MD011,Entry,Value,Tier 3,12100.0,0.0,2,0,0.0,0.0,0,0.0,0.0
53,ST021,MD013,Entry,Value,Tier 3,14500.0,0.0,1,0,0.0,0.0,0,0.0,0.0
53,ST021,MD014,Budget,Value,Tier 3,20600.0,0.25,1,0,0.23750000000000002,1.1529126213592233e-05,0,0.0,0.25
53,ST021,MD015,Budget,Value,Tier 3,16700.0,0.0,5,0,0.0,0.0,0,0.0,0.0
53,ST021,MD016,Budget,Value,Tier 3,23300.0,3.0,69,3,3.1500000000000004,0.00013519313304721033,0,0.0,3.0
53,ST021,MD017,Budget,Value,Tier 3,19500.0,0.0,8,0,0.0,0.0,0,0.0,0.0
53,ST021,MD018,Budget,Value,Tier 3,15900.0,0.0,3,0,0.0,0.0,0,0.0,0.0
53,ST021,MD020,Budget,Value,Tier 3,19500.0,0.75,5,0,0.7125,3.653846153846154e-05,0,0.0,0.75
53,ST021,MD022,Budget,Value,Tier 3,21400.0,0.0,1,0,0.0,0.0,0,0.0,0.0
53,ST021,MD023,Budget,Value,Tier 3,21300.0,0.0,1,0,0.0,0.0,0,0.0,0.0
53,ST021,MD025,Budget,Value,Tier 3,16000.0,0.0,1,0,0.0,0.0,0,0.0,0.0
53,ST021,MD026,Mid-range,Value,Tier 3,31900.0,0.0,1,0,0.0,0.0,0,0.0,0.0
53,ST021,MD027,Mid-range,Value,Tier 3,46300.0,1.25,27,1,1.3125,2.8347732181425486e-05,0,0.0,1.25
53,ST021,MD028,Mid-range,Value,Tier 3,36500.0,0.0,1,0,0.0,0.0,0,0.0,0.0
53,ST021,MD029,Mid-range,Value,Tier 3,31600.0,0.0,1,0,0.0,0.0,0,0.0,0.0
53,ST021,MD030,Mid-range,Value,Tier 3,27200.0,0.0,9,0,0.0,0.0,0,0.0,0.0
53,ST021,MD031,Mid-range,Value,Tier 3,38400.0,0.0,1,0,0.0,0.0,0,0.0,0.0
53,ST021,MD032,Mid-range,Value,Tier 3,42200.0,0.5,7,0,0.525,1.2440758293838863e-05,0,0.0,0.5
53,ST021,MD033,Mid-range,Value,Tier 3,36100.0,0.0,1,0,0.0,0.0,0,0.0,0.0
53,ST021,MD034,Mid-range,Value,Tier 3,44100.0,0.0,1,0,0.0,0.0,0,0.0,0.0
53,ST021,MD035,Mid-range,Value,Tier 3,32400.0,0.0,19,0,0.0,0.0,0,0.0,0.0
53,ST021,MD036,Mid-range,Value,Tier 3,36400.0,0.0,1,0,0.0,0.0,0,0.0,0.0
53,ST021,MD037,Mid-range,Value,Tier 3,35400.0,0.5,6,0,0.47500000000000003,1.3418079096045198e-05,0,0.0,0.5
53,ST021,MD038,Mid-range,Value,Tier 3,39900.0,1.0,37,1,1.05,2.6315789473684212e-05,0,0.0,1.0
53,ST021,MD039,Upper-mid,Value,Tier 3,51000.0,0.0,12,0,0.0,0.0,0,0.0,0.0
53,ST021,MD040,Upper-mid,Value,Tier 3,60000.0,0.0,1,0,0.0,0.0,0,0.0,0.0
53,ST021,MD041,Upper-mid,Value,Tier 3,69300.0,0.0,2,0,0.0,0.0,0,0.0,0.0
53,ST021,MD042,Upper-mid,Value,Tier 3,48300.0,0.25,1,0,0.2625,5.4347826086956525e-06,0,0.0,0.25
53,ST021,MD043,Upper-mid,Value,Tier 3,59500.0,0.5,6,0,0.4787878787878788,8.046855105678635e-06,0,0.0,0.5
53,ST021,MD044,Upper-mid,Value,Tier 3,66900.0,0.0,10,0,0.0,0.0,0,0.0,0.0
53,ST021,MD045,Upper-mid,Value,Tier 3,52500.0,0.0,1,0,0.0,0.0,0,0.0,0.0
53,ST021,MD046,Upper-mid,Value,Tier 3,71500.0,0.25,5,0,0.24642857142857144,3.4465534465534467e-06,0,0.0,0.25
53,ST021,MD047,Upper-mid,Value,Tier 3,62300.0,0.0,1,0,0.0,0.0,0,0.0,0.0
53,ST021,MD048,Upper-mid,Value,Tier 3,59900.0,0.5,4,0,0.525,8.764607679465776e-06,0,0.0,0.5
53,ST021,MD049,Premium,Value,Tier 3,70500.0,0.0,3,0,0.0,0.0,0,0.0,0.0
53,ST021,MD050,Premium,Value,Tier 3,97100.0,0.0,14,0,0.0,0.0,0,0.0,0.0
53,ST021,MD051,Premium,Value,Tier 3,82400.0,0.0,2,0,0.0,0.0,0,0.0,0.0
53,ST021,MD052,Premium,Value,Tier 3,96000.0,0.0,14,0,0.0,0.0,0,0.0,0.0
53,ST021,MD053,Premium,Value,Tier 3,82100.0,0.0,1,0,0.0,0.0,0,0.0,0.0
53,ST021,MD054,Premium,Value,Tier 3,74400.0,0.0,1,0,0.0,0.0,0,0.0,0.0
53,ST021,MD055,Premium,Value,Tier 3,75000.0,0.0,5,0,0.0,0.0,0,0.0,0.0
53,ST021,MD056,Flagship,Value,Tier 3,102800.0,0.0,1,0,0.0,0.0,0,0.0,0.0
53,ST021,MD057,Flagship,Value,Tier 3,119700.0,0.0,2,0,0.0,0.0,0,0.0,0.0
53,ST021,MD058,Flagship,Value,Tier 3,150000.0,0.0,2,0,0.0,0.0,0,0.0,0.0
53,ST021,MD059,Flagship,Value,Tier 3,128600.0,0.0,1,0,0.0,0.0,0,0.0,0.0
53,ST021,MD060,Flagship,Value,Tier 3,105100.0,0.0,1,0,0.0,0.0,0,0.0,0.0
53,ST022,MD021,Budget,Value,Tier 3,25200.0,6.25,62,6,6.5625,0.00026041666666666666,6,151200.0,0.25
53,ST022,MD016,Budget,Value,Tier 3,23300.0,5.75,69,5,6.0375000000000005,0.00025912017167381974,5,116500.0,0.75
53,ST022,MD012,Entry,Value,Tier 3,9100.0,7.5,132,7,7.875,0.0008653846153846154,7,63700.0,0.5
53,ST022,MD039,Upper-mid,Value,Tier 3,51000.0,1.0,12,1,0.955223880597015,1.8729880011706175e-05,1,51000.0,0.0
53,ST022,MD006,Entry,Value,Tier 3,13100.0,3.0,16,3,2.85,0.00021755725190839695,3,39300.0,0.0
53,ST022,MD002,Keypad,Value,Tier 3,7900.0,3.0,17,3,2.85,0.00036075949367088606,3,23700.0,0.0
53,ST022,MD003,Keypad,Value,Tier 3,6300.0,2.0,14,2,2.1,0.0003333333333333333,2,12600.0,0.0
53,ST022,MD001,Keypad,Value,Tier 3,7600.0,1.0,6,1,0.9500000000000001,0.000125,1,7600.0,0.0
53,ST022,MD004,Keypad,Value,Tier 3,8800.0,0.0,1,0,0.0,0.0,0,0.0,0.0
53,ST022,MD005,Entry,Value,Tier 3,11600.0,0.0,2,0,0.0,0.0,0,0.0,0.0
53,ST022,MD007,Entry,Value,Tier 3,14300.0,0.25,4,0,0.2625,1.835664335664336e-05,0,0.0,0.25
53,ST022,MD008,Entry,Value,Tier 3,8500.0,0.0,1,0,0.0,0.0,0,0.0,0.0
53,ST022,MD009,Entry,Value,Tier 3,11500.0,0.0,3,0,0.0,0.0,0,0.0,0.0
53,ST022,MD010,Entry,Value,Tier 3,9800.0,3.0,121,3,3.1500000000000004,0.00032142857142857147,0,0.0,3.0
53,ST022,MD011,Entry,Value,Tier 3,12100.0,0.5,2,0,0.47500000000000003,3.925619834710744e-05,0,0.0,0.5
53,ST022,MD013,Entry,Value,Tier 3,14500.0,0.0,1,0,0.0,0.0,0,0.0,0.0
53,ST022,MD014,Budget,Value,Tier 3,20600.0,0.0,1,0,0.0,0.0,0,0.0,0.0
53,ST022,MD015,Budget,Value,Tier 3,16700.0,0.0,5,0,0.0,0.0,0,0.0,0.0
53,ST022,MD017,Budget,Value,Tier 3,19500.0,0.5,8,0,0.47500000000000003,2.435897435897436e-05,0,0.0,0.5
53,ST022,MD018,Budget,Value,Tier 3,15900.0,0.25,3,0,0.23750000000000002,1.4937106918238995e-05,0,0.0,0.25
53,ST022,MD019,Budget,Value,Tier 3,25600.0,0.75,23,0,0.7125,2.783203125e-05,0,0.0,0.75
53,ST022,MD020,Budget,Value,Tier 3,19500.0,0.5,5,0,0.47500000000000003,2.435897435897436e-05,0,0.0,0.5
53,ST022,MD022,Budget,Value,Tier 3,21400.0,0.0,1,0,0.0,0.0,0,0.0,0.0
53,ST022,MD023,Budget,Value,Tier 3,21300.0,0.25,1,0,0.23750000000000002,1.1150234741784038e-05,0,0.0,0.25
53,ST022,MD024,Budget,Value,Tier 3,16600.0,0.5,19,0,0.47500000000000003,2.86144578313253e-05,0,0.0,0.5
53,ST022,MD025,Budget,Value,Tier 3,16000.0,0.0,1,0,0.0,0.0,0,0.0,0.0
53,ST022,MD026,Mid-range,Value,Tier 3,31900.0,0.0,1,0,0.0,0.0,0,0.0,0.0
53,ST022,MD027,Mid-range,Value,Tier 3,46300.0,1.0,27,1,1.05,2.267818574514039e-05,0,0.0,1.0
53,ST022,MD028,Mid-range,Value,Tier 3,36500.0,0.0,1,0,0.0,0.0,0,0.0,0.0
53,ST022,MD029,Mid-range,Value,Tier 3,31600.0,0.0,1,0,0.0,0.0,0,0.0,0.0
53,ST022,MD030,Mid-range,Value,Tier 3,27200.0,0.5,9,0,0.47500000000000003,1.7463235294117647e-05,0,0.0,0.5
53,ST022,MD031,Mid-range,Value,Tier 3,38400.0,0.0,1,0,0.0,0.0,0,0.0,0.0
53,ST022,MD032,Mid-range,Value,Tier 3,42200.0,0.25,7,0,0.23750000000000002,5.627962085308057e-06,0,0.0,0.25
53,ST022,MD033,Mid-range,Value,Tier 3,36100.0,0.25,1,0,0.2625,7.271468144044321e-06,0,0.0,0.25
53,ST022,MD034,Mid-range,Value,Tier 3,44100.0,0.0,1,0,0.0,0.0,0,0.0,0.0
53,ST022,MD035,Mid-range,Value,Tier 3,32400.0,0.5,19,0,0.5238095238095238,1.6166960611405058e-05,0,0.0,0.5
53,ST022,MD036,Mid-range,Value,Tier 3,36400.0,0.0,1,0,0.0,0.0,0,0.0,0.0
53,ST022,MD037,Mid-range,Value,Tier 3,35400.0,0.0,6,0,0.0,0.0,0,0.0,0.0
53,ST022,MD038,Mid-range,Value,Tier 3,39900.0,1.0,37,1,1.05,2.6315789473684212e-05,0,0.0,1.0
53,ST022,MD040,Upper-mid,Value,Tier 3,60000.0,0.0,1,0,0.0,0.0,0,0.0,0.0
53,ST022,MD041,Upper-mid,Value,Tier 3,69300.0,0.25,2,0,0.23750000000000002,3.427128427128427e-06,0,0.0,0.25
53,ST022,MD042,Upper-mid,Value,Tier 3,48300.0,0.0,1,0,0.0,0.0,0,0.0,0.0
53,ST022,MD043,Upper-mid,Value,Tier 3,59500.0,0.25,6,0,0.23750000000000002,3.991596638655463e-06,0,0.0,0.25
53,ST022,MD044,Upper-mid,Value,Tier 3,66900.0,0.25,10,0,0.2625,3.923766816143498e-06,0,0.0,0.25
53,ST022,MD045,Upper-mid,Value,Tier 3,52500.0,0.0,1,0,0.0,0.0,0,0.0,0.0
53,ST022,MD046,Upper-mid,Value,Tier 3,71500.0,0.0,5,0,0.0,0.0,0,0.0,0.0
53,ST022,MD047,Upper-mid,Value,Tier 3,62300.0,0.0,1,0,0.0,0.0,0,0.0,0.0
53,ST022,MD048,Upper-mid,Value,Tier 3,59900.0,0.0,4,0,0.0,0.0,0,0.0,0.0
53,ST022,MD049,Premium,Value,Tier 3,70500.0,0.0,3,0,0.0,0.0,0,0.0,0.0
53,ST022,MD050,Premium,Value,Tier 3,97100.0,0.0,14,0,0.0,0.0,0,0.0,0.0
53,ST022,MD051,Premium,Value,Tier 3,82400.0,0.0,2,0,0.0,0.0,0,0.0,0.0
53,ST022,MD052,Premium,Value,Tier 3,96000.0,0.5,14,0,0.525,5.46875e-06,0,0.0,0.5
53,ST022,MD053,Premium,Value,Tier 3,82100.0,0.0,1,0,0.0,0.0,0,0.0,0.0
53,ST022,MD054,Premium,Value,Tier 3,74400.0,0.0,1,0,0.0,0.0,0,0.0,0.0
53,ST022,MD055,Premium,Value,Tier 3,75000.0,0.0,5,0,0.0,0.0,0,0.0,0.0
53,ST022,MD056,Flagship,Value,Tier 3,102800.0,0.0,1,0,0.0,0.0,0,0.0,0.0
53,ST022,MD057,Flagship,Value,Tier 3,119700.0,0.0,2,0,0.0,0.0,0,0.0,0.0
53,ST022,MD058,Flagship,Value,Tier 3,150000.0,0.0,2,0,0.0,0.0,0,0.0,0.0
53,ST022,MD059,Flagship,Value,Tier 3,128600.0,0.0,1,0,0.0,0.0,0,0.0,0.0
53,ST022,MD060,Flagship,Value,Tier 3,105100.0,0.0,1,0,0.0,0.0,0,0.0,0.0
53,ST023,MD012,Entry,Value,Tier 3,9100.0,27.0,132,27,28.35,0.0031153846153846153,27,245700.0,0.0
53,ST023,MD021,Budget,Value,Tier 3,25200.0,3.25,62,3,3.4125,0.00013541666666666666,3,75600.0,0.25
53,ST023,MD019,Budget,Value,Tier 3,25600.0,1.0,23,1,0.9500000000000001,3.7109375000000006e-05,1,25600.0,0.0
53,ST023,MD002,Keypad,Value,Tier 3,7900.0,1.75,17,1,1.6625,0.00021044303797468356,1,7900.0,0.75
53,ST023,MD003,Keypad,Value,Tier 3,6300.0,1.25,14,1,1.3125,0.00020833333333333335,1,6300.0,0.25
53,ST023,MD001,Keypad,Value,Tier 3,7600.0,0.75,6,0,0.7125,9.375e-05,0,0.0,0.75
53,ST023,MD004,Keypad,Value,Tier 3,8800.0,0.0,1,0,0.0,0.0,0,0.0,0.0
53,ST023,MD005,Entry,Value,Tier 3,11600.0,0.0,2,0,0.0,0.0,0,0.0,0.0
53,ST023,MD006,Entry,Value,Tier 3,13100.0,0.5,16,0,0.47500000000000003,3.625954198473283e-05,0,0.0,0.5
53,ST023,MD007,Entry,Value,Tier 3,14300.0,0.0,4,0,0.0,0.0,0,0.0,0.0
53,ST023,MD008,Entry,Value,Tier 3,8500.0,0.0,1,0,0.0,0.0,0,0.0,0.0
53,ST023,MD009,Entry,Value,Tier 3,11500.0,0.0,3,0,0.0,0.0,0,0.0,0.0
53,ST023,MD010,Entry,Value,Tier 3,9800.0,3.75,121,3,3.9375,0.0004017857142857143,0,0.0,3.75
53,ST023,MD011,Entry,Value,Tier 3,12100.0,0.0,2,0,0.0,0.0,0,0.0,0.0
53,ST023,MD013,Entry,Value,Tier 3,14500.0,0.0,1,0,0.0,0.0,0,0.0,0.0
53,ST023,MD014,Budget,Value,Tier 3,20600.0,0.0,1,0,0.0,0.0,0,0.0,0.0
53,ST023,MD015,Budget,Value,Tier 3,16700.0,0.25,5,0,0.23750000000000002,1.4221556886227546e-05,0,0.0,0.25
53,ST023,MD016,Budget,Value,Tier 3,23300.0,3.0,69,3,3.1500000000000004,0.00013519313304721033,0,0.0,3.0
53,ST023,MD017,Budget,Value,Tier 3,19500.0,0.0,8,0,0.0,0.0,0,0.0,0.0
53,ST023,MD018,Budget,Value,Tier 3,15900.0,0.5,3,0,0.5130434782608696,3.226688542521192e-05,0,0.0,0.5
53,ST023,MD020,Budget,Value,Tier 3,19500.0,0.25,5,0,0.23750000000000002,1.217948717948718e-05,0,0.0,0.25
53,ST023,MD022,Budget,Value,Tier 3,21400.0,0.0,1,0,0.0,0.0,0,0.0,0.0
53,ST023,MD023,Budget,Value,Tier 3,21300.0,0.0,1,0,0.0,0.0,0,0.0,0.0
53,ST023,MD024,Budget,Value,Tier 3,16600.0,0.25,19,0,0.23750000000000002,1.430722891566265e-05,0,0.0,0.25
53,ST023,MD025,Budget,Value,Tier 3,16000.0,0.0,1,0,0.0,0.0,0,0.0,0.0
53,ST023,MD026,Mid-range,Value,Tier 3,31900.0,0.0,1,0,0.0,0.0,0,0.0,0.0
53,ST023,MD027,Mid-range,Value,Tier 3,46300.0,1.0,27,1,1.05,2.267818574514039e-05,0,0.0,1.0
53,ST023,MD028,Mid-range,Value,Tier 3,36500.0,0.0,1,0,0.0,0.0,0,0.0,0.0
53,ST023,MD029,Mid-range,Value,Tier 3,31600.0,0.0,1,0,0.0,0.0,0,0.0,0.0
53,ST023,MD030,Mid-range,Value,Tier 3,27200.0,0.25,9,0,0.23750000000000002,8.731617647058824e-06,0,0.0,0.25
53,ST023,MD031,Mid-range,Value,Tier 3,38400.0,0.0,1,0,0.0,0.0,0,0.0,0.0
53,ST023,MD032,Mid-range,Value,Tier 3,42200.0,0.0,7,0,0.0,0.0,0,0.0,0.0
53,ST023,MD033,Mid-range,Value,Tier 3,36100.0,0.0,1,0,0.0,0.0,0,0.0,0.0
53,ST023,MD034,Mid-range,Value,Tier 3,44100.0,0.0,1,0,0.0,0.0,0,0.0,0.0
53,ST023,MD035,Mid-range,Value,Tier 3,32400.0,0.0,19,0,0.0,0.0,0,0.0,0.0
53,ST023,MD036,Mid-range,Value,Tier 3,36400.0,0.0,1,0,0.0,0.0,0,0.0,0.0
53,ST023,MD037,Mid-range,Value,Tier 3,35400.0,0.25,6,0,0.23750000000000002,6.709039548022599e-06,0,0.0,0.25
53,ST023,MD038,Mid-range,Value,Tier 3,39900.0,0.5,37,0,0.525,1.3157894736842106e-05,0,0.0,0.5
53,ST023,MD039,Upper-mid,Value,Tier 3,51000.0,0.5,12,0,0.47647058823529415,9.342560553633218e-06,0,0.0,0.5
53,ST023,MD040,Upper-mid,Value,Tier 3,60000.0,0.0,1,0,0.0,0.0,0,0.0,0.0
53,ST023,MD041,Upper-mid,Value,Tier 3,69300.0,0.0,2,0,0.0,0.0,0,0.0,0.0
53,ST023,MD042,Upper-mid,Value,Tier 3,48300.0,0.0,1,0,0.0,0.0,0,0.0,0.0
53,ST023,MD043,Upper-mid,Value,Tier 3,59500.0,0.25,6,0,0.25,4.201680672268908e-06,0,0.0,0.25
53,ST023,MD044,Upper-mid,Value,Tier 3,66900.0,0.25,10,0,0.2625,3.923766816143498e-06,0,0.0,0.25
53,ST023,MD045,Upper-mid,Value,Tier 3,52500.0,0.0,1,0,0.0,0.0,0,0.0,0.0
53,ST023,MD046,Upper-mid,Value,Tier 3,71500.0,0.0,5,0,0.0,0.0,0,0.0,0.0
53,ST023,MD047,Upper-mid,Value,Tier 3,62300.0,0.0,1,0,0.0,0.0,0,0.0,0.0
53,ST023,MD048,Upper-mid,Value,Tier 3,59900.0,0.0,4,0,0.0,0.0,0,0.0,0.0
53,ST023,MD049,Premium,Value,Tier 3,70500.0,0.0,3,0,0.0,0.0,0,0.0,0.0
53,ST023,MD050,Premium,Value,Tier 3,97100.0,0.0,14,0,0.0,0.0,0,0.0,0.0
53,ST023,MD051,Premium,Value,Tier 3,82400.0,0.0,2,0,0.0,0.0,0,0.0,0.0
53,ST023,MD052,Premium,Value,Tier 3,96000.0,0.0,14,0,0.0,0.0,0,0.0,0.0
53,ST023,MD053,Premium,Value,Tier 3,82100.0,0.0,1,0,0.0,0.0,0,0.0,0.0
53,ST023,MD054,Premium,Value,Tier 3,74400.0,0.0,1,0,0.0,0.0,0,0.0,0.0
53,ST023,MD055,Premium,Value,Tier 3,75000.0,0.0,5,0,0.0,0.0,0,0.0,0.0
53,ST023,MD056,Flagship,Value,Tier 3,102800.0,0.0,1,0,0.0,0.0,0,0.0,0.0
53,ST023,MD057,Flagship,Value,Tier 3,119700.0,0.0,2,0,0.0,0.0,0,0.0,0.0
53,ST023,MD058,Flagship,Value,Tier 3,150000.0,0.0,2,0,0.0,0.0,0,0.0,0.0
53,ST023,MD059,Flagship,Value,Tier 3,128600.0,0.0,1,0,0.0,0.0,0,0.0,0.0
53,ST023,MD060,Flagship,Value,Tier 3,105100.0,0.0,1,0,0.0,0.0,0,0.0,0.0
53,ST024,MD016,Budget,Value,Tier 3,23300.0,8.0,69,8,8.4,0.00036051502145922746,8,186400.0,0.0
53,ST024,MD012,Entry,Value,Tier 3,9100.0,15.25,132,15,16.0125,0.0017596153846153846,15,136500.0,0.25
53,ST024,MD038,Mid-range,Value,Tier 3,39900.0,3.5,37,3,3.6750000000000003,9.210526315789474e-05,3,119700.0,0.5
53,ST024,MD010,Entry,Value,Tier 3,9800.0,11.5,121,11,12.075000000000001,0.0012321428571428572,11,107800.0,0.5
53,ST024,MD021,Budget,Value,Tier 3,25200.0,3.75,62,3,3.9375,0.00015625,3,75600.0,0.75
53,ST024,MD019,Budget,Value,Tier 3,25600.0,2.75,23,2,2.7074193548387098,0.0001057585685483871,2,51200.0,0.75
53,ST024,MD002,Keypad,Value,Tier 3,7900.0,1.5,17,1,1.425,0.00018037974683544303,1,7900.0,0.5
53,ST024,MD003,Keypad,Value,Tier 3,6300.0,1.0,14,1,1.05,0.00016666666666666666,1,6300.0,0.0
53,ST024,MD001,Keypad,Value,Tier 3,7600.0,0.25,6,0,0.23750000000000002,3.125e-05,0,0.0,0.25
53,ST024,MD004,Keypad,Value,Tier 3,8800.0,0.0,1,0,0.0,0.0,0,0.0,0.0
53,ST024,MD005,Entry,Value,Tier 3,11600.0,0.25,2,0,0.23750000000000002,2.0474137931034484e-05,0,0.0,0.25
53,ST024,MD006,Entry,Value,Tier 3,13100.0,0.75,16,0,0.7125,5.438931297709924e-05,0,0.0,0.75
53,ST024,MD007,Entry,Value,Tier 3,14300.0,0.0,4,0,0.0,0.0,0,0.0,0.0
53,ST024,MD008,Entry,Value,Tier 3,8500.0,0.0,1,0,0.0,0.0,0,0.0,0.0
53,ST024,MD009,Entry,Value,Tier 3,11500.0,0.0,3,0,0.0,0.0,0,0.0,0.0
53,ST024,MD011,Entry,Value,Tier 3,12100.0,0.25,2,0,0.23750000000000002,1.962809917355372e-05,0,0.0,0.25
53,ST024,MD013,Entry,Value,Tier 3,14500.0,0.0,1,0,0.0,0.0,0,0.0,0.0
53,ST024,MD014,Budget,Value,Tier 3,20600.0,0.0,1,0,0.0,0.0,0,0.0,0.0
53,ST024,MD015,Budget,Value,Tier 3,16700.0,0.75,5,0,0.7125,4.266467065868264e-05,0,0.0,0.75
53,ST024,MD017,Budget,Value,Tier 3,19500.0,0.25,8,0,0.23750000000000002,1.217948717948718e-05,0,0.0,0.25
53,ST024,MD018,Budget,Value,Tier 3,15900.0,0.5,3,0,0.47500000000000003,2.987421383647799e-05,0,0.0,0.5
53,ST024,MD020,Budget,Value,Tier 3,19500.0,0.25,5,0,0.23750000000000002,1.217948717948718e-05,0,0.0,0.25
53,ST024,MD022,Budget,Value,Tier 3,21400.0,0.0,1,0,0.0,0.0,0,0.0,0.0
53,ST024,MD023,Budget,Value,Tier 3,21300.0,0.0,1,0,0.0,0.0,0,0.0,0.0
53,ST024,MD024,Budget,Value,Tier 3,16600.0,0.25,19,0,0.23750000000000002,1.430722891566265e-05,0,0.0,0.25
53,ST024,MD025,Budget,Value,Tier 3,16000.0,0.0,1,0,0.0,0.0,0,0.0,0.0
53,ST024,MD026,Mid-range,Value,Tier 3,31900.0,0.0,1,0,0.0,0.0,0,0.0,0.0
53,ST024,MD027,Mid-range,Value,Tier 3,46300.0,0.75,27,0,0.7875000000000001,1.7008639308855292e-05,0,0.0,0.75
53,ST024,MD028,Mid-range,Value,Tier 3,36500.0,0.0,1,0,0.0,0.0,0,0.0,0.0
53,ST024,MD029,Mid-range,Value,Tier 3,31600.0,0.0,1,0,0.0,0.0,0,0.0,0.0
53,ST024,MD030,Mid-range,Value,Tier 3,27200.0,0.5,9,0,0.47500000000000003,1.7463235294117647e-05,0,0.0,0.5
53,ST024,MD031,Mid-range,Value,Tier 3,38400.0,0.0,1,0,0.0,0.0,0,0.0,0.0
53,ST024,MD032,Mid-range,Value,Tier 3,42200.0,0.25,7,0,0.23750000000000002,5.627962085308057e-06,0,0.0,0.25
53,ST024,MD033,Mid-range,Value,Tier 3,36100.0,0.0,1,0,0.0,0.0,0,0.0,0.0
53,ST024,MD034,Mid-range,Value,Tier 3,44100.0,0.0,1,0,0.0,0.0,0,0.0,0.0
53,ST024,MD035,Mid-range,Value,Tier 3,32400.0,0.0,19,0,0.0,0.0,0,0.0,0.0
53,ST024,MD036,Mid-range,Value,Tier 3,36400.0,0.0,1,0,0.0,0.0,0,0.0,0.0
53,ST024,MD037,Mid-range,Value,Tier 3,35400.0,0.25,6,0,0.23750000000000002,6.709039548022599e-06,0,0.0,0.25
53,ST024,MD039,Upper-mid,Value,Tier 3,51000.0,0.25,12,0,0.23750000000000002,4.65686274509804e-06,0,0.0,0.25
53,ST024,MD040,Upper-mid,Value,Tier 3,60000.0,0.0,1,0,0.0,0.0,0,0.0,0.0
53,ST024,MD041,Upper-mid,Value,Tier 3,69300.0,0.0,2,0,0.0,0.0,0,0.0,0.0
53,ST024,MD042,Upper-mid,Value,Tier 3,48300.0,0.0,1,0,0.0,0.0,0,0.0,0.0
53,ST024,MD043,Upper-mid,Value,Tier 3,59500.0,0.5,6,0,0.5238095238095238,8.803521408563425e-06,0,0.0,0.5
53,ST024,MD044,Upper-mid,Value,Tier 3,66900.0,0.0,10,0,0.0,0.0,0,0.0,0.0
53,ST024,MD045,Upper-mid,Value,Tier 3,52500.0,0.25,1,0,0.23750000000000002,4.523809523809524e-06,0,0.0,0.25
53,ST024,MD046,Upper-mid,Value,Tier 3,71500.0,0.25,5,0,0.23750000000000002,3.321678321678322e-06,0,0.0,0.25
53,ST024,MD047,Upper-mid,Value,Tier 3,62300.0,0.0,1,0,0.0,0.0,0,0.0,0.0
53,ST024,MD048,Upper-mid,Value,Tier 3,59900.0,0.0,4,0,0.0,0.0,0,0.0,0.0
53,ST024,MD049,Premium,Value,Tier 3,70500.0,0.0,3,0,0.0,0.0,0,0.0,0.0
53,ST024,MD050,Premium,Value,Tier 3,97100.0,0.0,14,0,0.0,0.0,0,0.0,0.0
53,ST024,MD051,Premium,Value,Tier 3,82400.0,0.0,2,0,0.0,0.0,0,0.0,0.0
53,ST024,MD052,Premium,Value,Tier 3,96000.0,0.0,14,0,0.0,0.0,0,0.0,0.0
53,ST024,MD053,Premium,Value,Tier 3,82100.0,0.0,1,0,0.0,0.0,0,0.0,0.0
53,ST024,MD054,Premium,Value,Tier 3,74400.0,0.0,1,0,0.0,0.0,0,0.0,0.0
53,ST024,MD055,Premium,Value,Tier 3,75000.0,0.0,5,0,0.0,0.0,0,0.0,0.0
53,ST024,MD056,Flagship,Value,Tier 3,102800.0,0.0,1,0,0.0,0.0,0,0.0,0.0
53,ST024,MD057,Flagship,Value,Tier 3,119700.0,0.0,2,0,0.0,0.0,0,0.0,0.0
53,ST024,MD058,Flagship,Value,Tier 3,150000.0,0.0,2,0,0.0,0.0,0,0.0,0.0
53,ST024,MD059,Flagship,Value,Tier 3,128600.0,0.0,1,0,0.0,0.0,0,0.0,0.0
53,ST024,MD060,Flagship,Value,Tier 3,105100.0,0.0,1,0,0.0,0.0,0,0.0,0.0
53,ST025,MD010,Entry,Value,Tier 3,9800.0,17.25,121,17,18.1125,0.0018482142857142857,17,166600.0,0.25
53,ST025,MD012,Entry,Value,Tier 3,9100.0,16.25,132,16,17.0625,0.001875,16,145600.0,0.25
53,ST025,MD016,Budget,Value,Tier 3,23300.0,6.5,69,6,6.825,0.0002929184549356223,6,139800.0,0.5
53,ST025,MD021,Budget,Value,Tier 3,25200.0,4.75,62,4,4.9875,0.00019791666666666666,4,100800.0,0.75
53,ST025,MD027,Mid-range,Value,Tier 3,46300.0,2.0,27,2,2.1,4.535637149028078e-05,2,92600.0,0.0
53,ST025,MD035,Mid-range,Value,Tier 3,32400.0,2.0,19,2,2.1,6.481481481481482e-05,2,64800.0,0.0
53,ST025,MD024,Budget,Value,Tier 3,16600.0,1.25,19,1,1.1875,7.153614457831326e-05,1,16600.0,0.25
53,ST025,MD003,Keypad,Value,Tier 3,6300.0,2.25,14,2,2.3625000000000003,0.00037500000000000006,2,12600.0,0.25
53,ST025,MD002,Keypad,Value,Tier 3,7900.0,1.25,17,1,1.1875,0.00015031645569620254,1,7900.0,0.25
53,ST025,MD001,Keypad,Value,Tier 3,7600.0,0.25,6,0,0.23750000000000002,3.125e-05,0,0.0,0.25
53,ST025,MD004,Keypad,Value,Tier 3,8800.0,0.0,1,0,0.0,0.0,0,0.0,0.0
53,ST025,MD005,Entry,Value,Tier 3,11600.0,0.25,2,0,0.23750000000000002,2.0474137931034484e-05,0,0.0,0.25
53,ST025,MD006,Entry,Value,Tier 3,13100.0,0.25,16,0,0.23750000000000002,1.8129770992366415e-05,0,0.0,0.25
53,ST025,MD007,Entry,Value,Tier 3,14300.0,0.5,4,0,0.525,3.671328671328672e-05,0,0.0,0.5
53,ST025,MD008,Entry,Value,Tier 3,8500.0,0.0,1,0,0.0,0.0,0,0.0,0.0
53,ST025,MD009,Entry,Value,Tier 3,11500.0,0.25,3,0,0.23750000000000002,2.065217391304348e-05,0,0.0,0.25
53,ST025,MD011,Entry,Value,Tier 3,12100.0,0.0,2,0,0.0,0.0,0,0.0,0.0
53,ST025,MD013,Entry,Value,Tier 3,14500.0,0.0,1,0,0.0,0.0,0,0.0,0.0
53,ST025,MD014,Budget,Value,Tier 3,20600.0,0.0,1,0,0.0,0.0,0,0.0,0.0
53,ST025,MD015,Budget,Value,Tier 3,16700.0,0.25,5,0,0.23750000000000002,1.4221556886227546e-05,0,0.0,0.25
53,ST025,MD017,Budget,Value,Tier 3,19500.0,0.25,8,0,0.23750000000000002,1.217948717948718e-05,0,0.0,0.25
53,ST025,MD018,Budget,Value,Tier 3,15900.0,0.25,3,0,0.23750000000000002,1.4937106918238995e-05,0,0.0,0.25
53,ST025,MD019,Budget,Value,Tier 3,25600.0,0.5,23,0,0.47500000000000003,1.8554687500000003e-05,0,0.0,0.5
53,ST025,MD020,Budget,Value,Tier 3,19500.0,0.0,5,0,0.0,0.0,0,0.0,0.0
53,ST025,MD022,Budget,Value,Tier 3,21400.0,0.0,1,0,0.0,0.0,0,0.0,0.0
53,ST025,MD023,Budget,Value,Tier 3,21300.0,0.0,1,0,0.0,0.0,0,0.0,0.0
53,ST025,MD025,Budget,Value,Tier 3,16000.0,0.0,1,0,0.0,0.0,0,0.0,0.0
53,ST025,MD026,Mid-range,Value,Tier 3,31900.0,0.0,1,0,0.0,0.0,0,0.0,0.0
53,ST025,MD028,Mid-range,Value,Tier 3,36500.0,0.0,1,0,0.0,0.0,0,0.0,0.0
53,ST025,MD029,Mid-range,Value,Tier 3,31600.0,0.0,1,0,0.0,0.0,0,0.0,0.0
53,ST025,MD030,Mid-range,Value,Tier 3,27200.0,0.25,9,0,0.23750000000000002,8.731617647058824e-06,0,0.0,0.25
53,ST025,MD031,Mid-range,Value,Tier 3,38400.0,0.0,1,0,0.0,0.0,0,0.0,0.0
53,ST025,MD032,Mid-range,Value,Tier 3,42200.0,0.25,7,0,0.23750000000000002,5.627962085308057e-06,0,0.0,0.25
53,ST025,MD033,Mid-range,Value,Tier 3,36100.0,0.0,1,0,0.0,0.0,0,0.0,0.0
53,ST025,MD034,Mid-range,Value,Tier 3,44100.0,0.0,1,0,0.0,0.0,0,0.0,0.0
53,ST025,MD036,Mid-range,Value,Tier 3,36400.0,0.0,1,0,0.0,0.0,0,0.0,0.0
53,ST025,MD037,Mid-range,Value,Tier 3,35400.0,0.0,6,0,0.0,0.0,0,0.0,0.0
53,ST025,MD038,Mid-range,Value,Tier 3,39900.0,0.25,37,0,0.2625,6.578947368421053e-06,0,0.0,0.25
53,ST025,MD039,Upper-mid,Value,Tier 3,51000.0,0.5,12,0,0.4787878787878788,9.387997623291741e-06,0,0.0,0.5
53,ST025,MD040,Upper-mid,Value,Tier 3,60000.0,0.0,1,0,0.0,0.0,0,0.0,0.0
53,ST025,MD041,Upper-mid,Value,Tier 3,69300.0,0.25,2,0,0.23750000000000002,3.427128427128427e-06,0,0.0,0.25
53,ST025,MD042,Upper-mid,Value,Tier 3,48300.0,0.0,1,0,0.0,0.0,0,0.0,0.0
53,ST025,MD043,Upper-mid,Value,Tier 3,59500.0,0.25,6,0,0.23750000000000002,3.991596638655463e-06,0,0.0,0.25
53,ST025,MD044,Upper-mid,Value,Tier 3,66900.0,0.25,10,0,0.2625,3.923766816143498e-06,0,0.0,0.25
53,ST025,MD045,Upper-mid,Value,Tier 3,52500.0,0.0,1,0,0.0,0.0,0,0.0,0.0
53,ST025,MD046,Upper-mid,Value,Tier 3,71500.0,0.25,5,0,0.25416666666666665,3.5547785547785547e-06,0,0.0,0.25
53,ST025,MD047,Upper-mid,Value,Tier 3,62300.0,0.0,1,0,0.0,0.0,0,0.0,0.0
53,ST025,MD048,Upper-mid,Value,Tier 3,59900.0,0.0,4,0,0.0,0.0,0,0.0,0.0
53,ST025,MD049,Premium,Value,Tier 3,70500.0,0.0,3,0,0.0,0.0,0,0.0,0.0
53,ST025,MD050,Premium,Value,Tier 3,97100.0,0.0,14,0,0.0,0.0,0,0.0,0.0
53,ST025,MD051,Premium,Value,Tier 3,82400.0,0.0,2,0,0.0,0.0,0,0.0,0.0
53,ST025,MD052,Premium,Value,Tier 3,96000.0,0.0,14,0,0.0,0.0,0,0.0,0.0
53,ST025,MD053,Premium,Value,Tier 3,82100.0,0.0,1,0,0.0,0.0,0,0.0,0.0
53,ST025,MD054,Premium,Value,Tier 3,74400.0,0.0,1,0,0.0,0.0,0,0.0,0.0
53,ST025,MD055,Premium,Value,Tier 3,75000.0,0.0,5,0,0.0,0.0,0,0.0,0.0
53,ST025,MD056,Flagship,Value,Tier 3,102800.0,0.0,1,0,0.0,0.0,0,0.0,0.0
53,ST025,MD057,Flagship,Value,Tier 3,119700.0,0.0,2,0,0.0,0.0,0,0.0,0.0
53,ST025,MD058,Flagship,Value,Tier 3,150000.0,0.0,2,0,0.0,0.0,0,0.0,0.0
53,ST025,MD059,Flagship,Value,Tier 3,128600.0,0.0,1,0,0.0,0.0,0,0.0,0.0
53,ST025,MD060,Flagship,Value,Tier 3,105100.0,0.0,1,0,0.0,0.0,0,0.0,0.0
