forecast_week,store_id,model_id,category,price,forecast_units,max_units,priority_score,value_per_rupee,allocated_units,allocated_value,recommendation_reason
53,ST001,MD052,Premium,96000.0,5.25,5,6.2015625000000005,6.4599609375e-05,5,480000.0,Allocated based on forecast demand and priority per rupee
53,ST001,MD038,Mid-range,39900.0,5.0,5,5.90625,0.0001480263157894737,5,199500.0,Allocated based on forecast demand and priority per rupee
53,ST001,MD010,Entry,9800.0,14.75,14,17.423437500000002,0.0017779017857142859,14,137200.0,Allocated based on forecast demand and priority per rupee
53,ST001,MD027,Mid-range,46300.0,2.0,2,1.943918918918919,4.198528982546261e-05,2,92600.0,Allocated based on forecast demand and priority per rupee
53,ST001,MD055,Premium,75000.0,1.0,1,0.923320895522388,1.2310945273631841e-05,1,75000.0,Allocated based on forecast demand and priority per rupee
53,ST001,MD039,Upper-mid,51000.0,1.0,1,0.9187500000000001,1.8014705882352943e-05,1,51000.0,Allocated based on forecast demand and priority per rupee
53,ST001,MD012,Entry,9100.0,4.0,4,4.7250000000000005,0.0005192307692307693,4,36400.0,Allocated based on forecast demand and priority per rupee
53,ST001,MD035,Mid-range,32400.0,1.5,1,1.5750000000000002,4.8611111111111115e-05,1,32400.0,Allocated based on forecast demand and priority per rupee
53,ST001,MD021,Budget,25200.0,1.75,1,2.0671875,8.203125e-05,1,25200.0,Allocated based on forecast demand and priority per rupee
53,ST001,MD016,Budget,23300.0,1.25,1,1.4765625,6.337178111587982e-05,1,23300.0,Allocated based on forecast demand and priority per rupee
53,ST001,MD020,Budget,19500.0,1.0,1,0.9187500000000001,4.711538461538462e-05,1,19500.0,Allocated based on forecast demand and priority per rupee
53,ST001,MD001,Keypad,7600.0,0.75,0,0.7505859375,9.876130756578947e-05,0,0.0,No forecast demand
53,ST001,MD002,Keypad,7900.0,0.75,0,0.725328947368421,9.181379080612924e-05,0,0.0,No forecast demand
53,ST001,MD003,Keypad,6300.0,0.0,0,0.0,0.0,0,0.0,No forecast demand
53,ST001,MD004,Keypad,8800.0,0.0,0,0.0,0.0,0,0.0,No forecast demand
53,ST001,MD005,Entry,11600.0,0.0,0,0.0,0.0,0,0.0,No forecast demand
53,ST001,MD006,Entry,13100.0,0.25,0,0.22968750000000002,1.7533396946564888e-05,0,0.0,No forecast demand
53,ST001,MD007,Entry,14300.0,0.25,0,0.29531250000000003,2.0651223776223777e-05,0,0.0,No forecast demand
53,ST001,MD008,Entry,8500.0,0.0,0,0.0,0.0,0,0.0,No forecast demand
53,ST001,MD009,Entry,11500.0,0.0,0,0.0,0.0,0,0.0,No forecast demand
53,ST001,MD011,Entry,12100.0,0.25,0,0.22968750000000002,1.8982438016528927e-05,0,0.0,No forecast demand
53,ST001,MD013,Entry,14500.0,0.0,0,0.0,0.0,0,0.0,No forecast demand
53,ST001,MD014,Budget,20600.0,0.0,0,0.0,0.0,0,0.0,No forecast demand
53,ST001,MD015,Budget,16700.0,0.0,0,0.0,0.0,0,0.0,No forecast demand
53,ST001,MD017,Budget,19500.0,0.25,0,0.22968750000000002,1.1778846153846154e-05,0,0.0,No forecast demand
53,ST001,MD018,Budget,15900.0,0.0,0,0.0,0.0,0,0.0,No forecast demand
53,ST001,MD019,Budget,25600.0,0.75,0,0.6890625,2.691650390625e-05,0,0.0,No forecast demand
53,ST001,MD022,Budget,21400.0,0.0,0,0.0,0.0,0,0.0,No forecast demand
53,ST001,MD023,Budget,21300.0,0.25,0,0.22968750000000002,1.0783450704225353e-05,0,0.0,No forecast demand
53,ST001,MD024,Budget,16600.0,0.0,0,0.0,0.0,0,0.0,No forecast demand
53,ST001,MD025,Budget,16000.0,0.0,0,0.0,0.0,0,0.0,No forecast demand
53,ST001,MD026,Mid-range,31900.0,0.0,0,0.0,0.0,0,0.0,No forecast demand
53,ST001,MD028,Mid-range,36500.0,0.0,0,0.0,0.0,0,0.0,No forecast demand
53,ST001,MD029,Mid-range,31600.0,0.0,0,0.0,0.0,0,0.0,No forecast demand
53,ST001,MD030,Mid-range,27200.0,0.25,0,0.22968750000000002,8.444393382352942e-06,0,0.0,No forecast demand
53,ST001,MD031,Mid-range,38400.0,0.0,0,0.0,0.0,0,0.0,No forecast demand
53,ST001,MD032,Mid-range,42200.0,0.25,0,0.29531250000000003,6.997926540284361e-06,0,0.0,No forecast demand
53,ST001,MD033,Mid-range,36100.0,0.0,0,0.0,0.0,0,0.0,No forecast demand
53,ST001,MD034,Mid-range,44100.0,0.0,0,0.0,0.0,0,0.0,No forecast demand
53,ST001,MD036,Mid-range,36400.0,0.0,0,0.0,0.0,0,0.0,No forecast demand
53,ST001,MD037,Mid-range,35400.0,0.75,0,0.7110661764705883,2.0086615154536394e-05,0,0.0,No forecast demand
53,ST001,MD040,Upper-mid,60000.0,0.0,0,0.0,0.0,0,0.0,No forecast demand
53,ST001,MD041,Upper-mid,69300.0,0.0,0,0.0,0.0,0,0.0,No forecast demand
53,ST001,MD042,Upper-mid,48300.0,0.0,0,0.0,0.0,0,0.0,No forecast demand
53,ST001,MD043,Upper-mid,59500.0,0.25,0,0.22968750000000002,3.860294117647059e-06,0,0.0,No forecast demand
53,ST001,MD044,Upper-mid,66900.0,0.75,0,0.6890625,1.0299887892376681e-05,0,0.0,No forecast demand
53,ST001,MD045,Upper-mid,52500.0,0.0,0,0.0,0.0,0,0.0,No forecast demand
53,ST001,MD046,Upper-mid,71500.0,0.25,0,0.29531250000000003,4.130244755244756e-06,0,0.0,No forecast demand
53,ST001,MD047,Upper-mid,62300.0,0.0,0,0.0,0.0,0,0.0,No forecast demand
53,ST001,MD048,Upper-mid,59900.0,0.25,0,0.22968750000000002,3.834515859766277e-06,0,0.0,No forecast demand
53,ST001,MD049,Premium,70500.0,0.5,0,0.45937500000000003,6.515957446808511e-06,0,0.0,No forecast demand
53,ST001,MD050,Premium,97100.0,0.5,0,0.5906250000000001,6.0826467559217305e-06,0,0.0,No forecast demand
53,ST001,MD051,Premium,82400.0,0.25,0,0.22968750000000002,2.787469660194175e-06,0,0.0,No forecast demand
53,ST001,MD053,Premium,82100.0,0.0,0,0.0,0.0,0,0.0,No forecast demand
53,ST001,MD054,Premium,74400.0,0.0,0,0.0,0.0,0,0.0,No forecast demand
53,ST001,MD056,Flagship,102800.0,0.0,0,0.0,0.0,0,0.0,No forecast demand
53,ST001,MD057,Flagship,119700.0,0.25,0,0.23702205882352942,1.9801341589267285e-06,0,0.0,No forecast demand
53,ST001,MD058,Flagship,150000.0,0.75,0,0.8859375,5.90625e-06,0,0.0,No forecast demand
53,ST001,MD059,Flagship,128600.0,0.0,0,0.0,0.0,0,0.0,No forecast demand
53,ST001,MD060,Flagship,105100.0,0.0,0,0.0,0.0,0,0.0,No forecast demand
53,ST002,MD038,Mid-range,39900.0,4.25,4,5.0203125,0.00012582236842105263,4,159600.0,Allocated based on forecast demand and priority per rupee
53,ST002,MD050,Premium,97100.0,1.25,1,1.4765625,1.5206616889804325e-05,1,97100.0,Allocated based on forecast demand and priority per rupee
53,ST002,MD052,Premium,96000.0,1.25,1,1.4765625,1.5380859375e-05,1,96000.0,Allocated based on forecast demand and priority per rupee
53,ST002,MD010,Entry,9800.0,8.75,8,10.3359375,0.0010546875,8,78400.0,Allocated based on forecast demand and priority per rupee
53,ST002,MD021,Budget,25200.0,3.25,3,3.8390625000000003,0.00015234375,3,75600.0,Allocated based on forecast demand and priority per rupee
53,ST002,MD043,Upper-mid,59500.0,1.25,1,1.1484375,1.9301470588235294e-05,1,59500.0,Allocated based on forecast demand and priority per rupee
53,ST002,MD012,Entry,9100.0,6.25,6,7.3828125,0.000811298076923077,6,54600.0,Allocated based on forecast demand and priority per rupee
53,ST002,MD039,Upper-mid,51000.0,1.25,1,1.283717105263158,2.517092363261094e-05,1,51000.0,Allocated based on forecast demand and priority per rupee
53,ST002,MD030,Mid-range,27200.0,1.5,1,1.5788228155339805,5.804495645345517e-05,1,27200.0,Allocated based on forecast demand and priority per rupee
53,ST002,MD019,Budget,25600.0,1.0,1,0.9187500000000001,3.5888671875000005e-05,1,25600.0,Allocated based on forecast demand and priority per rupee
53,ST002,MD016,Budget,23300.0,1.25,1,1.4765625,6.337178111587982e-05,1,23300.0,Allocated based on forecast demand and priority per rupee
53,ST002,MD002,Keypad,7900.0,1.25,1,1.1484375,0.00014537183544303798,1,7900.0,Allocated based on forecast demand and priority per rupee
53,ST002,MD001,Keypad,7600.0,0.25,0,0.22968750000000002,3.0222039473684212e-05,0,0.0,No forecast demand
53,ST002,MD003,Keypad,6300.0,0.75,0,0.8859375,0.00014062500000000002,0,0.0,No forecast demand
53,ST002,MD004,Keypad,8800.0,0.0,0,0.0,0.0,0,0.0,No forecast demand
53,ST002,MD005,Entry,11600.0,0.0,0,0.0,0.0,0,0.0,No forecast demand
53,ST002,MD006,Entry,13100.0,0.0,0,0.0,0.0,0,0.0,No forecast demand
53,ST002,MD007,Entry,14300.0,0.25,0,0.29531250000000003,2.0651223776223777e-05,0,0.0,No forecast demand
53,ST002,MD008,Entry,8500.0,0.0,0,0.0,0.0,0,0.0,No forecast demand
53,ST002,MD009,Entry,11500.0,0.0,0,0.0,0.0,0,0.0,No forecast demand
53,ST002,MD011,Entry,12100.0,0.0,0,0.0,0.0,0,0.0,No forecast demand
53,ST002,MD013,Entry,14500.0,0.0,0,0.0,0.0,0,0.0,No forecast demand
53,ST002,MD014,Budget,20600.0,0.0,0,0.0,0.0,0,0.0,No forecast demand
53,ST002,MD015,Budget,16700.0,0.0,0,0.0,0.0,0,0.0,No forecast demand
53,ST002,MD017,Budget,19500.0,0.25,0,0.22968750000000002,1.1778846153846154e-05,0,0.0,No forecast demand
53,ST002,MD018,Budget,15900.0,0.0,0,0.0,0.0,0,0.0,No forecast demand
53,ST002,MD020,Budget,19500.0,0.0,0,0.0,0.0,0,0.0,No forecast demand
53,ST002,MD022,Budget,21400.0,0.0,0,0.0,0.0,0,0.0,No forecast demand
53,ST002,MD023,Budget,21300.0,0.0,0,0.0,0.0,0,0.0,No forecast demand
53,ST002,MD024,Budget,16600.0,0.25,0,0.22968750000000002,1.383659638554217e-05,0,0.0,No forecast demand
53,ST002,MD025,Budget,16000.0,0.0,0,0.0,0.0,0,0.0,No forecast demand
53,ST002,MD026,Mid-range,31900.0,0.0,0,0.0,0.0,0,0.0,No forecast demand
53,ST002,MD027,Mid-range,46300.0,0.75,0,0.6890625,1.488255939524838e-05,0,0.0,No forecast demand
53,ST002,MD028,Mid-range,36500.0,0.0,0,0.0,0.0,0,0.0,No forecast demand
53,ST002,MD029,Mid-range,31600.0,0.0,0,0.0,0.0,0,0.0,No forecast demand
53,ST002,MD031,Mid-range,38400.0,0.0,0,0.0,0.0,0,0.0,No forecast demand
53,ST002,MD032,Mid-range,42200.0,0.5,0,0.49561567164179104,1.1744447195303105e-05,0,0.0,No forecast demand
53,ST002,MD033,Mid-range,36100.0,0.0,0,0.0,0.0,0,0.0,No forecast demand
53,ST002,MD034,Mid-range,44100.0,0.25,0,0.22968750000000002,5.208333333333334e-06,0,0.0,No forecast demand
53,ST002,MD035,Mid-range,32400.0,0.75,0,0.7557459677419355,2.332549283154122e-05,0,0.0,No forecast demand
53,ST002,MD036,Mid-range,36400.0,0.0,0,0.0,0.0,0,0.0,No forecast demand
53,ST002,MD037,Mid-range,35400.0,0.25,0,0.22968750000000002,6.488347457627119e-06,0,0.0,No forecast demand
53,ST002,MD040,Upper-mid,60000.0,0.0,0,0.0,0.0,0,0.0,No forecast demand
53,ST002,MD041,Upper-mid,69300.0,0.25,0,0.22968750000000002,3.3143939393939395e-06,0,0.0,No forecast demand
53,ST002,MD042,Upper-mid,48300.0,0.0,0,0.0,0.0,0,0.0,No forecast demand
53,ST002,MD044,Upper-mid,66900.0,0.25,0,0.22968750000000002,3.4332959641255608e-06,0,0.0,No forecast demand
53,ST002,MD045,Upper-mid,52500.0,0.0,0,0.0,0.0,0,0.0,No forecast demand
53,ST002,MD046,Upper-mid,71500.0,0.0,0,0.0,0.0,0,0.0,No forecast demand
53,ST002,MD047,Upper-mid,62300.0,0.0,0,0.0,0.0,0,0.0,No forecast demand
53,ST002,MD048,Upper-mid,59900.0,0.25,0,0.27443181818181817,4.581499468811655e-06,0,0.0,No forecast demand
53,ST002,MD049,Premium,70500.0,0.25,0,0.22968750000000002,3.2579787234042553e-06,0,0.0,No forecast demand
53,ST002,MD051,Premium,82400.0,0.0,0,0.0,0.0,0,0.0,No forecast demand
53,ST002,MD053,Premium,82100.0,0.0,0,0.0,0.0,0,0.0,No forecast demand
53,ST002,MD054,Premium,74400.0,0.0,0,0.0,0.0,0,0.0,No forecast demand
53,ST002,MD055,Premium,75000.0,0.5,0,0.45937500000000003,6.125000000000001e-06,0,0.0,No forecast demand
53,ST002,MD056,Flagship,102800.0,0.0,0,0.0,0.0,0,0.0,No forecast demand
53,ST002,MD057,Flagship,119700.0,0.25,0,0.23396739130434782,1.9546147978642257e-06,0,0.0,No forecast demand
53,ST002,MD058,Flagship,150000.0,0.25,0,0.29531250000000003,1.9687500000000004e-06,0,0.0,No forecast demand
53,ST002,MD059,Flagship,128600.0,0.0,0,0.0,0.0,0,0.0,No forecast demand
53,ST002,MD060,Flagship,105100.0,0.0,0,0.0,0.0,0,0.0,No forecast demand
53,ST003,MD038,Mid-range,39900.0,5.0,5,5.90625,0.0001480263157894737,5,199500.0,Allocated based on forecast demand and priority per rupee
53,ST003,MD050,Premium,97100.0,2.75,2,3.2484375,3.345455715756952e-05,2,194200.0,Allocated based on forecast demand and priority per rupee
53,ST003,MD052,Premium,96000.0,2.5,2,2.953125,3.076171875e-05,2,192000.0,Allocated based on forecast demand and priority per rupee
53,ST003,MD027,Mid-range,46300.0,3.0,3,3.0338114754098364,6.55250858619835e-05,3,138900.0,Allocated based on forecast demand and priority per rupee
53,ST003,MD019,Budget,25600.0,5.25,5,5.630807714617169,0.00021995342635223317,5,128000.0,Allocated based on forecast demand and priority per rupee
53,ST003,MD012,Entry,9100.0,8.5,8,10.040625,0.0011033653846153847,8,72800.0,Allocated based on forecast demand and priority per rupee
53,ST003,MD016,Budget,23300.0,3.0,3,3.54375,0.0001520922746781116,3,69900.0,Allocated based on forecast demand and priority per rupee
53,ST003,MD044,Upper-mid,66900.0,1.75,1,2.0671875,3.089966367713005e-05,1,66900.0,Allocated based on forecast demand and priority per rupee
53,ST003,MD035,Mid-range,32400.0,2.75,2,2.5265625000000003,7.798032407407408e-05,2,64800.0,Allocated based on forecast demand and priority per rupee
53,ST003,MD010,Entry,9800.0,6.0,6,7.0875,0.0007232142857142858,6,58800.0,Allocated based on forecast demand and priority per rupee
53,ST003,MD021,Budget,25200.0,2.0,2,2.3625000000000003,9.375000000000002e-05,2,50400.0,Allocated based on forecast demand and priority per rupee
53,ST003,MD017,Budget,19500.0,1.0,1,0.9420283018867924,4.830914368650218e-05,1,19500.0,Allocated based on forecast demand and priority per rupee
53,ST003,MD015,Budget,16700.0,1.0,1,0.9187500000000001,5.501497005988024e-05,1,16700.0,Allocated based on forecast demand and priority per rupee
53,ST003,MD024,Budget,16600.0,1.75,1,1.6078125,9.685617469879518e-05,1,16600.0,Allocated based on forecast demand and priority per rupee
53,ST003,MD001,Keypad,7600.0,0.25,0,0.22968750000000002,3.0222039473684212e-05,0,0.0,No forecast demand
53,ST003,MD002,Keypad,7900.0,0.25,0,0.22968750000000002,2.90743670886076e-05,0,0.0,No forecast demand
53,ST003,MD003,Keypad,6300.0,0.0,0,0.0,0.0,0,0.0,No forecast demand
53,ST003,MD004,Keypad,8800.0,0.0,0,0.0,0.0,0,0.0,No forecast demand
53,ST003,MD005,Entry,11600.0,0.0,0,0.0,0.0,0,0.0,No forecast demand
53,ST003,MD006,Entry,13100.0,0.5,0,0.45937500000000003,3.5066793893129776e-05,0,0.0,No forecast demand
53,ST003,MD007,Entry,14300.0,0.0,0,0.0,0.0,0,0.0,No forecast demand
53,ST003,MD008,Entry,8500.0,0.0,0,0.0,0.0,0,0.0,No forecast demand
53,ST003,MD009,Entry,11500.0,0.25,0,0.22968750000000002,1.997282608695652e-05,0,0.0,No forecast demand
53,ST003,MD011,Entry,12100.0,0.0,0,0.0,0.0,0,0.0,No forecast demand
53,ST003,MD013,Entry,14500.0,0.0,0,0.0,0.0,0,0.0,No forecast demand
53,ST003,MD014,Budget,20600.0,0.0,0,0.0,0.0,0,0.0,No forecast demand
53,ST003,MD018,Budget,15900.0,0.0,0,0.0,0.0,0,0.0,No forecast demand
53,ST003,MD020,Budget,19500.0,0.0,0,0.0,0.0,0,0.0,No forecast demand
53,ST003,MD022,Budget,21400.0,0.0,0,0.0,0.0,0,0.0,No forecast demand
53,ST003,MD023,Budget,21300.0,0.0,0,0.0,0.0,0,0.0,No forecast demand
53,ST003,MD025,Budget,16000.0,0.0,0,0.0,0.0,0,0.0,No forecast demand
53,ST003,MD026,Mid-range,31900.0,0.0,0,0.0,0.0,0,0.0,No forecast demand
53,ST003,MD028,Mid-range,36500.0,0.0,0,0.0,0.0,0,0.0,No forecast demand
53,ST003,MD029,Mid-range,31600.0,0.0,0,0.0,0.0,0,0.0,No forecast demand
53,ST003,MD030,Mid-range,27200.0,0.25,0,0.22968750000000002,8.444393382352942e-06,0,0.0,No forecast demand
53,ST003,MD031,Mid-range,38400.0,0.0,0,0.0,0.0,0,0.0,No forecast demand
53,ST003,MD032,Mid-range,42200.0,0.75,0,0.8206811797752809,1.944742132168912e-05,0,0.0,No forecast demand
53,ST003,MD033,Mid-range,36100.0,0.0,0,0.0,0.0,0,0.0,No forecast demand
53,ST003,MD034,Mid-range,44100.0,0.0,0,0.0,0.0,0,0.0,No forecast demand
53,ST003,MD036,Mid-range,36400.0,0.0,0,0.0,0.0,0,0.0,No forecast demand
53,ST003,MD037,Mid-range,35400.0,0.5,0,0.45937500000000003,1.2976694915254239e-05,0,0.0,No forecast demand
53,ST003,MD039,Upper-mid,51000.0,0.75,0,0.6890625,1.3511029411764706e-05,0,0.0,No forecast demand
53,ST003,MD040,Upper-mid,60000.0,0.0,0,0.0,0.0,0,0.0,No forecast demand
53,ST003,MD041,Upper-mid,69300.0,0.5,0,0.45937500000000003,6.628787878787879e-06,0,0.0,No forecast demand
53,ST003,MD042,Upper-mid,48300.0,0.0,0,0.0,0.0,0,0.0,No forecast demand
53,ST003,MD043,Upper-mid,59500.0,0.0,0,0.0,0.0,0,0.0,No forecast demand
53,ST003,MD045,Upper-mid,52500.0,0.25,0,0.22968750000000002,4.3750000000000005e-06,0,0.0,No forecast demand
53,ST003,MD046,Upper-mid,71500.0,0.25,0,0.22968750000000002,3.2124125874125876e-06,0,0.0,No forecast demand
53,ST003,MD047,Upper-mid,62300.0,0.0,0,0.0,0.0,0,0.0,No forecast demand
53,ST003,MD048,Upper-mid,59900.0,0.0,0,0.0,0.0,0,0.0,No forecast demand
53,ST003,MD049,Premium,70500.0,0.5,0,0.45937500000000003,6.515957446808511e-06,0,0.0,No forecast demand
53,ST003,MD051,Premium,82400.0,0.5,0,0.45937500000000003,5.57493932038835e-06,0,0.0,No forecast demand
53,ST003,MD053,Premium,82100.0,0.0,0,0.0,0.0,0,0.0,No forecast demand
53,ST003,MD054,Premium,74400.0,0.0,0,0.0,0.0,0,0.0,No forecast demand
53,ST003,MD055,Premium,75000.0,0.75,0,0.6890625,9.1875e-06,0,0.0,No forecast demand
53,ST003,MD056,Flagship,102800.0,0.0,0,0.0,0.0,0,0.0,No forecast demand
53,ST003,MD057,Flagship,119700.0,0.25,0,0.24007120253164557,2.005607372862536e-06,0,0.0,No forecast demand
53,ST003,MD058,Flagship,150000.0,0.0,0,0.0,0.0,0,0.0,No forecast demand
53,ST003,MD059,Flagship,128600.0,0.0,0,0.0,0.0,0,0.0,No forecast demand
53,ST003,MD060,Flagship,105100.0,0.5,0,0.45937500000000003,4.370837297811608e-06,0,0.0,No forecast demand
53,ST004,MD038,Mid-range,39900.0,4.0,4,4.7250000000000005,0.00011842105263157896,4,159600.0,Allocated based on forecast demand and priority per rupee
53,ST004,MD027,Mid-range,46300.0,2.25,2,2.6578125,5.740415766738661e-05,2,92600.0,Allocated based on forecast demand and priority per rupee
53,ST004,MD044,Upper-mid,66900.0,1.0,1,0.9187500000000001,1.3733183856502243e-05,1,66900.0,Allocated based on forecast demand and priority per rupee
53,ST004,MD010,Entry,9800.0,6.5,6,7.6781250000000005,0.000783482142857143,6,58800.0,Allocated based on forecast demand and priority per rupee
53,ST004,MD019,Budget,25600.0,1.75,1,2.0671875,8.074951171875001e-05,1,25600.0,Allocated based on forecast demand and priority per rupee
53,ST004,MD016,Budget,23300.0,1.75,1,2.0671875,8.872049356223177e-05,1,23300.0,Allocated based on forecast demand and priority per rupee
53,ST004,MD012,Entry,9100.0,1.75,1,2.0671875,0.00022716346153846156,1,9100.0,Allocated based on forecast demand and priority per rupee
53,ST004,MD001,Keypad,7600.0,0.0,0,0.0,0.0,0,0.0,No forecast demand
53,ST004,MD002,Keypad,7900.0,0.0,0,0.0,0.0,0,0.0,No forecast demand
53,ST004,MD003,Keypad,6300.0,0.0,0,0.0,0.0,0,0.0,No forecast demand
53,ST004,MD004,Keypad,8800.0,0.0,0,0.0,0.0,0,0.0,No forecast demand
53,ST004,MD005,Entry,11600.0,0.0,0,0.0,0.0,0,0.0,No forecast demand
53,ST004,MD006,Entry,13100.0,0.5,0,0.45937500000000003,3.5066793893129776e-05,0,0.0,No forecast demand
53,ST004,MD007,Entry,14300.0,0.0,0,0.0,0.0,0,0.0,No forecast demand
53,ST004,MD008,Entry,8500.0,0.0,0,0.0,0.0,0,0.0,No forecast demand
53,ST004,MD009,Entry,11500.0,0.0,0,0.0,0.0,0,0.0,No forecast demand
53,ST004,MD011,Entry,12100.0,0.0,0,0.0,0.0,0,0.0,No forecast demand
53,ST004,MD013,Entry,14500.0,0.0,0,0.0,0.0,0,0.0,No forecast demand
53,ST004,MD014,Budget,20600.0,0.0,0,0.0,0.0,0,0.0,No forecast demand
53,ST004,MD015,Budget,16700.0,0.25,0,0.22968750000000002,1.375374251497006e-05,0,0.0,No forecast demand
53,ST004,MD017,Budget,19500.0,0.0,0,0.0,0.0,0,0.0,No forecast demand
53,ST004,MD018,Budget,15900.0,0.25,0,0.22968750000000002,1.4445754716981134e-05,0,0.0,No forecast demand
53,ST004,MD020,Budget,19500.0,0.0,0,0.0,0.0,0,0.0,No forecast demand
53,ST004,MD021,Budget,25200.0,0.25,0,0.22968750000000002,9.114583333333334e-06,0,0.0,No forecast demand
53,ST004,MD022,Budget,21400.0,0.0,0,0.0,0.0,0,0.0,No forecast demand
53,ST004,MD023,Budget,21300.0,0.0,0,0.0,0.0,0,0.0,No forecast demand
53,ST004,MD024,Budget,16600.0,0.5,0,0.45937500000000003,2.767319277108434e-05,0,0.0,No forecast demand
53,ST004,MD025,Budget,16000.0,0.0,0,0.0,0.0,0,0.0,No forecast demand
53,ST004,MD026,Mid-range,31900.0,0.0,0,0.0,0.0,0,0.0,No forecast demand
53,ST004,MD028,Mid-range,36500.0,0.0,0,0.0,0.0,0,0.0,No forecast demand
53,ST004,MD029,Mid-range,31600.0,0.0,0,0.0,0.0,0,0.0,No forecast demand
53,ST004,MD030,Mid-range,27200.0,0.5,0,0.5524709302325582,2.0311431258549934e-05,0,0.0,No forecast demand
53,ST004,MD031,Mid-range,38400.0,0.0,0,0.0,0.0,0,0.0,No forecast demand
53,ST004,MD032,Mid-range,42200.0,0.0,0,0.0,0.0,0,0.0,No forecast demand
53,ST004,MD033,Mid-range,36100.0,0.0,0,0.0,0.0,0,0.0,No forecast demand
53,ST004,MD034,Mid-range,44100.0,0.0,0,0.0,0.0,0,0.0,No forecast demand
53,ST004,MD035,Mid-range,32400.0,0.75,0,0.8859375,2.734375e-05,0,0.0,No forecast demand
53,ST004,MD036,Mid-range,36400.0,0.0,0,0.0,0.0,0,0.0,No forecast demand
53,ST004,MD037,Mid-range,35400.0,0.0,0,0.0,0.0,0,0.0,No forecast demand
53,ST004,MD039,Upper-mid,51000.0,0.5,0,0.5020833333333333,9.844771241830065e-06,0,0.0,No forecast demand
53,ST004,MD040,Upper-mid,60000.0,0.0,0,0.0,0.0,0,0.0,No forecast demand
53,ST004,MD041,Upper-mid,69300.0,0.0,0,0.0,0.0,0,0.0,No forecast demand
53,ST004,MD042,Upper-mid,48300.0,0.0,0,0.0,0.0,0,0.0,No forecast demand
53,ST004,MD043,Upper-mid,59500.0,0.25,0,0.24493838028169015,4.116611433305717e-06,0,0.0,No forecast demand
53,ST004,MD045,Upper-mid,52500.0,0.0,0,0.0,0.0,0,0.0,No forecast demand
53,ST004,MD046,Upper-mid,71500.0,0.0,0,0.0,0.0,0,0.0,No forecast demand
53,ST004,MD047,Upper-mid,62300.0,0.0,0,0.0,0.0,0,0.0,No forecast demand
53,ST004,MD048,Upper-mid,59900.0,0.25,0,0.22968750000000002,3.834515859766277e-06,0,0.0,No forecast demand
53,ST004,MD049,Premium,70500.0,0.5,0,0.45937500000000003,6.515957446808511e-06,0,0.0,No forecast demand
53,ST004,MD050,Premium,97100.0,0.5,0,0.5906250000000001,6.0826467559217305e-06,0,0.0,No forecast demand
53,ST004,MD051,Premium,82400.0,0.0,0,0.0,0.0,0,0.0,No forecast demand
53,ST004,MD052,Premium,96000.0,0.75,0,0.8859375,9.228515625e-06,0,0.0,No forecast demand
53,ST004,MD053,Premium,82100.0,0.0,0,0.0,0.0,0,0.0,No forecast demand
53,ST004,MD054,Premium,74400.0,0.25,0,0.22968750000000002,3.0871975806451617e-06,0,0.0,No forecast demand
53,ST004,MD055,Premium,75000.0,0.0,0,0.0,0.0,0,0.0,No forecast demand
53,ST004,MD056,Flagship,102800.0,0.0,0,0.0,0.0,0,0.0,No forecast demand
53,ST004,MD057,Flagship,119700.0,0.0,0,0.0,0.0,0,0.0,No forecast demand
53,ST004,MD058,Flagship,150000.0,0.0,0,0.0,0.0,0,0.0,No forecast demand
53,ST004,MD059,Flagship,128600.0,0.0,0,0.0,0.0,0,0.0,No forecast demand
53,ST004,MD060,Flagship,105100.0,0.0,0,0.0,0.0,0,0.0,No forecast demand
53,ST005,MD038,Mid-range,39900.0,4.0,4,4.7250000000000005,0.00011842105263157896,4,159600.0,Allocated based on forecast demand and priority per rupee
53,ST005,MD044,Upper-mid,66900.0,2.0,2,2.3625000000000003,3.531390134529149e-05,2,133800.0,Allocated based on forecast demand and priority per rupee
53,ST005,MD035,Mid-range,32400.0,4.0,4,4.148780487804878,0.00012804878048780486,4,129600.0,Allocated based on forecast demand and priority per rupee
53,ST005,MD057,Flagship,119700.0,1.5,1,1.6430921052631582,1.3726751088246936e-05,1,119700.0,Allocated based on forecast demand and priority per rupee
53,ST005,MD019,Budget,25600.0,4.0,4,4.7250000000000005,0.00018457031250000003,4,102400.0,Allocated based on forecast demand and priority per rupee
53,ST005,MD027,Mid-range,46300.0,2.5,2,2.953125,6.378239740820734e-05,2,92600.0,Allocated based on forecast demand and priority per rupee
53,ST005,MD046,Upper-mid,71500.0,1.0,1,0.9187500000000001,1.284965034965035e-05,1,71500.0,Allocated based on forecast demand and priority per rupee
53,ST005,MD043,Upper-mid,59500.0,1.0,1,0.9187500000000001,1.5441176470588237e-05,1,59500.0,Allocated based on forecast demand and priority per rupee
53,ST005,MD039,Upper-mid,51000.0,1.5,1,1.771875,3.474264705882353e-05,1,51000.0,Allocated based on forecast demand and priority per rupee
53,ST005,MD021,Budget,25200.0,2.25,2,2.3861250000000003,9.46875e-05,2,50400.0,Allocated based on forecast demand and priority per rupee
53,ST005,MD016,Budget,23300.0,2.5,2,2.953125,0.00012674356223175965,2,46600.0,Allocated based on forecast demand and priority per rupee
53,ST005,MD010,Entry,9800.0,4.5,4,5.315625,0.0005424107142857142,4,39200.0,Allocated based on forecast demand and priority per rupee
53,ST005,MD012,Entry,9100.0,4.25,4,5.0203125,0.0005516826923076924,4,36400.0,Allocated based on forecast demand and priority per rupee
53,ST005,MD037,Mid-range,35400.0,1.5,1,1.378125,3.8930084745762716e-05,1,35400.0,Allocated based on forecast demand and priority per rupee
53,ST005,MD024,Budget,16600.0,2.0,2,1.8375000000000001,0.00011069277108433736,2,33200.0,Allocated based on forecast demand and priority per rupee
53,ST005,MD001,Keypad,7600.0,0.25,0,0.22968750000000002,3.0222039473684212e-05,0,0.0,No forecast demand
53,ST005,MD002,Keypad,7900.0,0.5,0,0.45937500000000003,5.81487341772152e-05,0,0.0,No forecast demand
53,ST005,MD003,Keypad,6300.0,0.75,0,0.6890625,0.000109375,0,0.0,No forecast demand
53,ST005,MD004,Keypad,8800.0,0.0,0,0.0,0.0,0,0.0,No forecast demand
53,ST005,MD005,Entry,11600.0,0.0,0,0.0,0.0,0,0.0,No forecast demand
53,ST005,MD006,Entry,13100.0,0.5,0,0.45937500000000003,3.5066793893129776e-05,0,0.0,No forecast demand
53,ST005,MD007,Entry,14300.0,0.5,0,0.5906250000000001,4.1302447552447554e-05,0,0.0,No forecast demand
53,ST005,MD008,Entry,8500.0,0.0,0,0.0,0.0,0,0.0,No forecast demand
53,ST005,MD009,Entry,11500.0,0.0,0,0.0,0.0,0,0.0,No forecast demand
53,ST005,MD011,Entry,12100.0,0.0,0,0.0,0.0,0,0.0,No forecast demand
53,ST005,MD013,Entry,14500.0,0.0,0,0.0,0.0,0,0.0,No forecast demand
53,ST005,MD014,Budget,20600.0,0.0,0,0.0,0.0,0,0.0,No forecast demand
53,ST005,MD015,Budget,16700.0,0.5,0,0.45937500000000003,2.750748502994012e-05,0,0.0,No forecast demand
53,ST005,MD017,Budget,19500.0,0.25,0,0.22968750000000002,1.1778846153846154e-05,0,0.0,No forecast demand
53,ST005,MD018,Budget,15900.0,0.0,0,0.0,0.0,0,0.0,No forecast demand
53,ST005,MD020,Budget,19500.0,0.0,0,0.0,0.0,0,0.0,No forecast demand
53,ST005,MD022,Budget,21400.0,0.0,0,0.0,0.0,0,0.0,No forecast demand
53,ST005,MD023,Budget,21300.0,0.0,0,0.0,0.0,0,0.0,No forecast demand
53,ST005,MD025,Budget,16000.0,0.0,0,0.0,0.0,0,0.0,No forecast demand
53,ST005,MD026,Mid-range,31900.0,0.25,0,0.22968750000000002,7.200235109717869e-06,0,0.0,No forecast demand
53,ST005,MD028,Mid-range,36500.0,0.0,0,0.0,0.0,0,0.0,No forecast demand
53,ST005,MD029,Mid-range,31600.0,0.0,0,0.0,0.0,0,0.0,No forecast demand
53,ST005,MD030,Mid-range,27200.0,0.5,0,0.5389627659574469,1.981480757196496e-05,0,0.0,No forecast demand
53,ST005,MD031,Mid-range,38400.0,0.0,0,0.0,0.0,0,0.0,No forecast demand
53,ST005,MD032,Mid-range,42200.0,0.25,0,0.22968750000000002,5.442831753554503e-06,0,0.0,No forecast demand
53,ST005,MD033,Mid-range,36100.0,0.0,0,0.0,0.0,0,0.0,No forecast demand
53,ST005,MD034,Mid-range,44100.0,0.25,0,0.22968750000000002,5.208333333333334e-06,0,0.0,No forecast demand
53,ST005,MD036,Mid-range,36400.0,0.0,0,0.0,0.0,0,0.0,No forecast demand
53,ST005,MD040,Upper-mid,60000.0,0.0,0,0.0,0.0,0,0.0,No forecast demand
53,ST005,MD041,Upper-mid,69300.0,0.25,0,0.22968750000000002,3.3143939393939395e-06,0,0.0,No forecast demand
53,ST005,MD042,Upper-mid,48300.0,0.0,0,0.0,0.0,0,0.0,No forecast demand
53,ST005,MD045,Upper-mid,52500.0,0.0,0,0.0,0.0,0,0.0,No forecast demand
53,ST005,MD047,Upper-mid,62300.0,0.0,0,0.0,0.0,0,0.0,No forecast demand
53,ST005,MD048,Upper-mid,59900.0,0.25,0,0.22968750000000002,3.834515859766277e-06,0,0.0,No forecast demand
53,ST005,MD049,Premium,70500.0,0.5,0,0.45937500000000003,6.515957446808511e-06,0,0.0,No forecast demand
53,ST005,MD050,Premium,97100.0,0.0,0,0.0,0.0,0,0.0,No forecast demand
53,ST005,MD051,Premium,82400.0,0.0,0,0.0,0.0,0,0.0,No forecast demand
53,ST005,MD052,Premium,96000.0,0.5,0,0.45937500000000003,4.785156250000001e-06,0,0.0,No forecast demand
53,ST005,MD053,Premium,82100.0,0.0,0,0.0,0.0,0,0.0,No forecast demand
53,ST005,MD054,Premium,74400.0,0.0,0,0.0,0.0,0,0.0,No forecast demand
53,ST005,MD055,Premium,75000.0,0.0,0,0.0,0.0,0,0.0,No forecast demand
53,ST005,MD056,Flagship,102800.0,0.0,0,0.0,0.0,0,0.0,No forecast demand
53,ST005,MD058,Flagship,150000.0,0.5,0,0.5906250000000001,3.937500000000001e-06,0,0.0,No forecast demand
53,ST005,MD059,Flagship,128600.0,0.0,0,0.0,0.0,0,0.0,No forecast demand
53,ST005,MD060,Flagship,105100.0,0.0,0,0.0,0.0,0,0.0,No forecast demand
53,ST006,MD050,Premium,97100.0,3.25,3,3.8390625000000003,3.953720391349125e-05,3,291300.0,Allocated based on forecast demand and priority per rupee
53,ST006,MD016,Budget,23300.0,10.75,10,12.6984375,0.0005449973175965665,10,233000.0,Allocated based on forecast demand and priority per rupee
53,ST006,MD021,Budget,25200.0,8.25,8,9.7453125,0.00038671875,8,201600.0,Allocated based on forecast demand and priority per rupee
53,ST006,MD038,Mid-range,39900.0,4.5,4,5.315625,0.0001332236842105263,4,159600.0,Allocated based on forecast demand and priority per rupee
53,ST006,MD010,Entry,9800.0,12.0,12,14.175,0.0014464285714285716,12,117600.0,Allocated based on forecast demand and priority per rupee
53,ST006,MD055,Premium,75000.0,1.5,1,1.378125,1.8375e-05,1,75000.0,Allocated based on forecast demand and priority per rupee
53,ST006,MD044,Upper-mid,66900.0,1.25,1,1.1484375,1.71664798206278e-05,1,66900.0,Allocated based on forecast demand and priority per rupee
53,ST006,MD012,Entry,9100.0,7.75,7,9.1546875,0.0010060096153846154,7,63700.0,Allocated based on forecast demand and priority per rupee
53,ST006,MD039,Upper-mid,51000.0,1.5,1,1.378125,2.702205882352941e-05,1,51000.0,Allocated based on forecast demand and priority per rupee
53,ST006,MD030,Mid-range,27200.0,1.25,1,1.1484375,4.2221966911764706e-05,1,27200.0,Allocated based on forecast demand and priority per rupee
53,ST006,MD006,Entry,13100.0,2.75,2,2.5265625000000003,0.00019286736641221377,2,26200.0,Allocated based on forecast demand and priority per rupee
53,ST006,MD019,Budget,25600.0,1.75,1,1.6078125,6.280517578125001e-05,1,25600.0,Allocated based on forecast demand and priority per rupee
53,ST006,MD002,Keypad,7900.0,1.0,1,0.9187500000000001,0.0001162974683544304,1,7900.0,Allocated based on forecast demand and priority per rupee
53,ST006,MD001,Keypad,7600.0,0.0,0,0.0,0.0,0,0.0,No forecast demand
53,ST006,MD003,Keypad,6300.0,0.25,0,0.29531250000000003,4.687500000000001e-05,0,0.0,No forecast demand
53,ST006,MD004,Keypad,8800.0,0.0,0,0.0,0.0,0,0.0,No forecast demand
53,ST006,MD005,Entry,11600.0,0.0,0,0.0,0.0,0,0.0,No forecast demand
53,ST006,MD007,Entry,14300.0,0.0,0,0.0,0.0,0,0.0,No forecast demand
53,ST006,MD008,Entry,8500.0,0.0,0,0.0,0.0,0,0.0,No forecast demand
53,ST006,MD009,Entry,11500.0,0.25,0,0.23750000000000002,2.065217391304348e-05,0,0.0,No forecast demand
53,ST006,MD011,Entry,12100.0,0.0,0,0.0,0.0,0,0.0,No forecast demand
53,ST006,MD013,Entry,14500.0,0.0,0,0.0,0.0,0,0.0,No forecast demand
53,ST006,MD014,Budget,20600.0,0.0,0,0.0,0.0,0,0.0,No forecast demand
53,ST006,MD015,Budget,16700.0,0.0,0,0.0,0.0,0,0.0,No forecast demand
53,ST006,MD017,Budget,19500.0,0.5,0,0.45937500000000003,2.355769230769231e-05,0,0.0,No forecast demand
53,ST006,MD018,Budget,15900.0,0.75,0,0.6890625,4.3337264150943396e-05,0,0.0,No forecast demand
53,ST006,MD020,Budget,19500.0,0.0,0,0.0,0.0,0,0.0,No forecast demand
53,ST006,MD022,Budget,21400.0,0.0,0,0.0,0.0,0,0.0,No forecast demand
53,ST006,MD023,Budget,21300.0,0.0,0,0.0,0.0,0,0.0,No forecast demand
53,ST006,MD024,Budget,16600.0,0.75,0,0.8287063953488373,4.99220720089661e-05,0,0.0,No forecast demand
53,ST006,MD025,Budget,16000.0,0.0,0,0.0,0.0,0,0.0,No forecast demand
53,ST006,MD026,Mid-range,31900.0,0.25,0,0.22968750000000002,7.200235109717869e-06,0,0.0,No forecast demand
53,ST006,MD027,Mid-range,46300.0,0.25,0,0.22968750000000002,4.96085313174946e-06,0,0.0,No forecast demand
53,ST006,MD028,Mid-range,36500.0,0.0,0,0.0,0.0,0,0.0,No forecast demand
53,ST006,MD029,Mid-range,31600.0,0.0,0,0.0,0.0,0,0.0,No forecast demand
53,ST006,MD031,Mid-range,38400.0,0.0,0,0.0,0.0,0,0.0,No forecast demand
53,ST006,MD032,Mid-range,42200.0,0.75,0,0.6890625,1.6328495260663508e-05,0,0.0,No forecast demand
53,ST006,MD033,Mid-range,36100.0,0.0,0,0.0,0.0,0,0.0,No forecast demand
53,ST006,MD034,Mid-range,44100.0,0.0,0,0.0,0.0,0,0.0,No forecast demand
53,ST006,MD035,Mid-range,32400.0,0.25,0,0.2710597826086956,8.36604267310789e-06,0,0.0,No forecast demand
53,ST006,MD036,Mid-range,36400.0,0.0,0,0.0,0.0,0,0.0,No forecast demand
53,ST006,MD037,Mid-range,35400.0,0.25,0,0.22968750000000002,6.488347457627119e-06,0,0.0,No forecast demand
53,ST006,MD040,Upper-mid,60000.0,0.0,0,0.0,0.0,0,0.0,No forecast demand
53,ST006,MD041,Upper-mid,69300.0,0.0,0,0.0,0.0,0,0.0,No forecast demand
53,ST006,MD042,Upper-mid,48300.0,0.0,0,0.0,0.0,0,0.0,No forecast demand
53,ST006,MD043,Upper-mid,59500.0,0.25,0,0.22968750000000002,3.860294117647059e-06,0,0.0,No forecast demand
53,ST006,MD045,Upper-mid,52500.0,0.0,0,0.0,0.0,0,0.0,No forecast demand
53,ST006,MD046,Upper-mid,71500.0,0.0,0,0.0,0.0,0,0.0,No forecast demand
53,ST006,MD047,Upper-mid,62300.0,0.0,0,0.0,0.0,0,0.0,No forecast demand
53,ST006,MD048,Upper-mid,59900.0,0.25,0,0.22968750000000002,3.834515859766277e-06,0,0.0,No forecast demand
53,ST006,MD049,Premium,70500.0,0.0,0,0.0,0.0,0,0.0,No forecast demand
53,ST006,MD051,Premium,82400.0,0.0,0,0.0,0.0,0,0.0,No forecast demand
53,ST006,MD052,Premium,96000.0,0.5,0,0.5906250000000001,6.152343750000001e-06,0,0.0,No forecast demand
53,ST006,MD053,Premium,82100.0,0.0,0,0.0,0.0,0,0.0,No forecast demand
53,ST006,MD054,Premium,74400.0,0.0,0,0.0,0.0,0,0.0,No forecast demand
53,ST006,MD056,Flagship,102800.0,0.0,0,0.0,0.0,0,0.0,No forecast demand
53,ST006,MD057,Flagship,119700.0,0.0,0,0.0,0.0,0,0.0,No forecast demand
53,ST006,MD058,Flagship,150000.0,0.0,0,0.0,0.0,0,0.0,No forecast demand
53,ST006,MD059,Flagship,128600.0,0.0,0,0.0,0.0,0,0.0,No forecast demand
53,ST006,MD060,Flagship,105100.0,0.25,0,0.29531250000000003,2.8098239771646054e-06,0,0.0,No forecast demand
53,ST007,MD050,Premium,97100.0,2.0,2,2.3625000000000003,2.4330587023686922e-05,2,194200.0,Allocated based on forecast demand and priority per rupee
53,ST007,MD012,Entry,9100.0,14.25,14,16.8328125,0.0018497596153846153,14,127400.0,Allocated based on forecast demand and priority per rupee
53,ST007,MD052,Premium,96000.0,1.0,1,0.9187500000000001,9.570312500000001e-06,1,96000.0,Allocated based on forecast demand and priority per rupee
53,ST007,MD038,Mid-range,39900.0,2.0,2,2.3625000000000003,5.921052631578948e-05,2,79800.0,Allocated based on forecast demand and priority per rupee
53,ST007,MD021,Budget,25200.0,3.5,3,4.134375,0.0001640625,3,75600.0,Allocated based on forecast demand and priority per rupee
53,ST007,MD017,Budget,19500.0,2.0,2,1.8375000000000001,9.423076923076924e-05,2,39000.0,Allocated based on forecast demand and priority per rupee
53,ST007,MD019,Budget,25600.0,1.5,1,1.378125,5.38330078125e-05,1,25600.0,Allocated based on forecast demand and priority per rupee
53,ST007,MD016,Budget,23300.0,1.75,1,2.0671875,8.872049356223177e-05,1,23300.0,Allocated based on forecast demand and priority per rupee
53,ST007,MD010,Entry,9800.0,2.0,2,2.3625000000000003,0.0002410714285714286,2,19600.0,Allocated based on forecast demand and priority per rupee
53,ST007,MD024,Budget,16600.0,1.75,1,1.8345740445859873,0.00011051650870999924,1,16600.0,Allocated based on forecast demand and priority per rupee
53,ST007,MD003,Keypad,6300.0,1.75,1,2.0671875,0.000328125,1,6300.0,Allocated based on forecast demand and priority per rupee
53,ST007,MD001,Keypad,7600.0,0.25,0,0.22968750000000002,3.0222039473684212e-05,0,0.0,No forecast demand
53,ST007,MD002,Keypad,7900.0,0.25,0,0.22968750000000002,2.90743670886076e-05,0,0.0,No forecast demand
53,ST007,MD004,Keypad,8800.0,0.0,0,0.0,0.0,0,0.0,No forecast demand
53,ST007,MD005,Entry,11600.0,0.25,0,0.29531250000000003,2.5457974137931036e-05,0,0.0,No forecast demand
53,ST007,MD006,Entry,13100.0,0.0,0,0.0,0.0,0,0.0,No forecast demand
53,ST007,MD007,Entry,14300.0,0.0,0,0.0,0.0,0,0.0,No forecast demand
53,ST007,MD008,Entry,8500.0,0.0,0,0.0,0.0,0,0.0,No forecast demand
53,ST007,MD009,Entry,11500.0,0.0,0,0.0,0.0,0,0.0,No forecast demand
53,ST007,MD011,Entry,12100.0,0.0,0,0.0,0.0,0,0.0,No forecast demand
53,ST007,MD013,Entry,14500.0,0.0,0,0.0,0.0,0,0.0,No forecast demand
53,ST007,MD014,Budget,20600.0,0.0,0,0.0,0.0,0,0.0,No forecast demand
53,ST007,MD015,Budget,16700.0,0.0,0,0.0,0.0,0,0.0,No forecast demand
53,ST007,MD018,Budget,15900.0,0.0,0,0.0,0.0,0,0.0,No forecast demand
53,ST007,MD020,Budget,19500.0,0.0,0,0.0,0.0,0,0.0,No forecast demand
53,ST007,MD022,Budget,21400.0,0.0,0,0.0,0.0,0,0.0,No forecast demand
53,ST007,MD023,Budget,21300.0,0.0,0,0.0,0.0,0,0.0,No forecast demand
53,ST007,MD025,Budget,16000.0,0.0,0,0.0,0.0,0,0.0,No forecast demand
53,ST007,MD026,Mid-range,31900.0,0.0,0,0.0,0.0,0,0.0,No forecast demand
53,ST007,MD027,Mid-range,46300.0,0.75,0,0.6890625,1.488255939524838e-05,0,0.0,No forecast demand
53,ST007,MD028,Mid-range,36500.0,0.0,0,0.0,0.0,0,0.0,No forecast demand
53,ST007,MD029,Mid-range,31600.0,0.0,0,0.0,0.0,0,0.0,No forecast demand
53,ST007,MD030,Mid-range,27200.0,0.25,0,0.22968750000000002,8.444393382352942e-06,0,0.0,No forecast demand
53,ST007,MD031,Mid-range,38400.0,0.0,0,0.0,0.0,0,0.0,No forecast demand
53,ST007,MD032,Mid-range,42200.0,0.5,0,0.45937500000000003,1.0885663507109005e-05,0,0.0,No forecast demand
53,ST007,MD033,Mid-range,36100.0,0.0,0,0.0,0.0,0,0.0,No forecast demand
53,ST007,MD034,Mid-range,44100.0,0.0,0,0.0,0.0,0,0.0,No forecast demand
53,ST007,MD035,Mid-range,32400.0,0.75,0,0.8859375,2.734375e-05,0,0.0,No forecast demand
53,ST007,MD036,Mid-range,36400.0,0.0,0,0.0,0.0,0,0.0,No forecast demand
53,ST007,MD037,Mid-range,35400.0,0.5,0,0.5359375,1.5139477401129942e-05,0,0.0,No forecast demand
53,ST007,MD039,Upper-mid,51000.0,0.75,0,0.8600328947368421,1.6863390092879258e-05,0,0.0,No forecast demand
53,ST007,MD040,Upper-mid,60000.0,0.0,0,0.0,0.0,0,0.0,No forecast demand
53,ST007,MD041,Upper-mid,69300.0,0.25,0,0.284375,4.103535353535353e-06,0,0.0,No forecast demand
53,ST007,MD042,Upper-mid,48300.0,0.0,0,0.0,0.0,0,0.0,No forecast demand
53,ST007,MD043,Upper-mid,59500.0,0.25,0,0.22968750000000002,3.860294117647059e-06,0,0.0,No forecast demand
53,ST007,MD044,Upper-mid,66900.0,0.25,0,0.22968750000000002,3.4332959641255608e-06,0,0.0,No forecast demand
53,ST007,MD045,Upper-mid,52500.0,0.0,0,0.0,0.0,0,0.0,No forecast demand
53,ST007,MD046,Upper-mid,71500.0,0.5,0,0.45937500000000003,6.424825174825175e-06,0,0.0,No forecast demand
53,ST007,MD047,Upper-mid,62300.0,0.0,0,0.0,0.0,0,0.0,No forecast demand
53,ST007,MD048,Upper-mid,59900.0,0.0,0,0.0,0.0,0,0.0,No forecast demand
53,ST007,MD049,Premium,70500.0,0.0,0,0.0,0.0,0,0.0,No forecast demand
53,ST007,MD051,Premium,82400.0,0.5,0,0.5488636363636363,6.6609664607237415e-06,0,0.0,No forecast demand
53,ST007,MD053,Premium,82100.0,0.0,0,0.0,0.0,0,0.0,No forecast demand
53,ST007,MD054,Premium,74400.0,0.0,0,0.0,0.0,0,0.0,No forecast demand
53,ST007,MD055,Premium,75000.0,0.5,0,0.5906250000000001,7.875000000000002e-06,0,0.0,No forecast demand
53,ST007,MD056,Flagship,102800.0,0.0,0,0.0,0.0,0,0.0,No forecast demand
53,ST007,MD057,Flagship,119700.0,0.25,0,0.24298986486486487,2.0299905168326223e-06,0,0.0,No forecast demand
53,ST007,MD058,Flagship,150000.0,0.25,0,0.22968750000000002,1.5312500000000002e-06,0,0.0,No forecast demand
53,ST007,MD059,Flagship,128600.0,0.0,0,0.0,0.0,0,0.0,No forecast demand
53,ST007,MD060,Flagship,105100.0,0.0,0,0.0,0.0,0,0.0,No forecast demand
53,ST008,MD050,Premium,97100.0,6.0,6,7.0875,7.299176107106077e-05,6,582600.0,Allocated based on forecast demand and priority per rupee
53,ST008,MD052,Premium,96000.0,3.5,3,4.134375,4.306640625000001e-05,3,288000.0,Allocated based on forecast demand and priority per rupee
53,ST008,MD027,Mid-range,46300.0,3.0,3,3.54375,7.653887688984881e-05,3,138900.0,Allocated based on forecast demand and priority per rupee
53,ST008,MD032,Mid-range,42200.0,2.25,2,2.1590073529411766,5.1161311681070534e-05,2,84400.0,Allocated based on forecast demand and priority per rupee
53,ST008,MD021,Budget,25200.0,3.0,3,3.54375,0.00014062500000000002,3,75600.0,Allocated based on forecast demand and priority per rupee
53,ST008,MD039,Upper-mid,51000.0,1.75,1,1.6078125,3.152573529411765e-05,1,51000.0,Allocated based on forecast demand and priority per rupee
53,ST008,MD016,Budget,23300.0,2.5,2,2.953125,0.00012674356223175965,2,46600.0,Allocated based on forecast demand and priority per rupee
53,ST008,MD038,Mid-range,39900.0,1.5,1,1.771875,4.440789473684211e-05,1,39900.0,Allocated based on forecast demand and priority per rupee
53,ST008,MD010,Entry,9800.0,4.0,4,4.7250000000000005,0.0004821428571428572,4,39200.0,Allocated based on forecast demand and priority per rupee
53,ST008,MD035,Mid-range,32400.0,1.5,1,1.5253676470588236,4.707924836601307e-05,1,32400.0,Allocated based on forecast demand and priority per rupee
53,ST008,MD012,Entry,9100.0,3.75,3,4.4296875,0.00048677884615384615,3,27300.0,Allocated based on forecast demand and priority per rupee
53,ST008,MD001,Keypad,7600.0,0.0,0,0.0,0.0,0,0.0,No forecast demand
53,ST008,MD002,Keypad,7900.0,0.0,0,0.0,0.0,0,0.0,No forecast demand
53,ST008,MD003,Keypad,6300.0,0.25,0,0.22968750000000002,3.6458333333333336e-05,0,0.0,No forecast demand
53,ST008,MD004,Keypad,8800.0,0.0,0,0.0,0.0,0,0.0,No forecast demand
53,ST008,MD005,Entry,11600.0,0.0,0,0.0,0.0,0,0.0,No forecast demand
53,ST008,MD006,Entry,13100.0,0.25,0,0.22968750000000002,1.7533396946564888e-05,0,0.0,No forecast demand
53,ST008,MD007,Entry,14300.0,0.5,0,0.5906250000000001,4.1302447552447554e-05,0,0.0,No forecast demand
53,ST008,MD008,Entry,8500.0,0.0,0,0.0,0.0,0,0.0,No forecast demand
53,ST008,MD009,Entry,11500.0,0.25,0,0.22968750000000002,1.997282608695652e-05,0,0.0,No forecast demand
53,ST008,MD011,Entry,12100.0,0.0,0,0.0,0.0,0,0.0,No forecast demand
53,ST008,MD013,Entry,14500.0,0.0,0,0.0,0.0,0,0.0,No forecast demand
53,ST008,MD014,Budget,20600.0,0.0,0,0.0,0.0,0,0.0,No forecast demand
53,ST008,MD015,Budget,16700.0,0.0,0,0.0,0.0,0,0.0,No forecast demand
53,ST008,MD017,Budget,19500.0,0.25,0,0.22968750000000002,1.1778846153846154e-05,0,0.0,No forecast demand
53,ST008,MD018,Budget,15900.0,0.0,0,0.0,0.0,0,0.0,No forecast demand
53,ST008,MD019,Budget,25600.0,0.5,0,0.5075000000000001,1.9824218750000002e-05,0,0.0,No forecast demand
53,ST008,MD020,Budget,19500.0,0.0,0,0.0,0.0,0,0.0,No forecast demand
53,ST008,MD022,Budget,21400.0,0.0,0,0.0,0.0,0,0.0,No forecast demand
53,ST008,MD023,Budget,21300.0,0.0,0,0.0,0.0,0,0.0,No forecast demand
53,ST008,MD024,Budget,16600.0,0.25,0,0.22968750000000002,1.383659638554217e-05,0,0.0,No forecast demand
53,ST008,MD025,Budget,16000.0,0.0,0,0.0,0.0,0,0.0,No forecast demand
53,ST008,MD026,Mid-range,31900.0,0.0,0,0.0,0.0,0,0.0,No forecast demand
53,ST008,MD028,Mid-range,36500.0,0.0,0,0.0,0.0,0,0.0,No forecast demand
53,ST008,MD029,Mid-range,31600.0,0.0,0,0.0,0.0,0,0.0,No forecast demand
53,ST008,MD030,Mid-range,27200.0,0.75,0,0.6890625,2.5333180147058823e-05,0,0.0,No forecast demand
53,ST008,MD031,Mid-range,38400.0,0.0,0,0.0,0.0,0,0.0,No forecast demand
53,ST008,MD033,Mid-range,36100.0,0.0,0,0.0,0.0,0,0.0,No forecast demand
53,ST008,MD034,Mid-range,44100.0,0.25,0,0.22968750000000002,5.208333333333334e-06,0,0.0,No forecast demand
53,ST008,MD036,Mid-range,36400.0,0.0,0,0.0,0.0,0,0.0,No forecast demand
53,ST008,MD037,Mid-range,35400.0,0.5,0,0.45937500000000003,1.2976694915254239e-05,0,0.0,No forecast demand
53,ST008,MD040,Upper-mid,60000.0,0.0,0,0.0,0.0,0,0.0,No forecast demand
53,ST008,MD041,Upper-mid,69300.0,0.25,0,0.22968750000000002,3.3143939393939395e-06,0,0.0,No forecast demand
53,ST008,MD042,Upper-mid,48300.0,0.0,0,0.0,0.0,0,0.0,No forecast demand
53,ST008,MD043,Upper-mid,59500.0,0.0,0,0.0,0.0,0,0.0,No forecast demand
53,ST008,MD044,Upper-mid,66900.0,0.5,0,0.5906250000000001,8.828475336322872e-06,0,0.0,No forecast demand
53,ST008,MD045,Upper-mid,52500.0,0.0,0,0.0,0.0,0,0.0,No forecast demand
53,ST008,MD046,Upper-mid,71500.0,0.5,0,0.472198275862069,6.604171690378587e-06,0,0.0,No forecast demand
53,ST008,MD047,Upper-mid,62300.0,0.0,0,0.0,0.0,0,0.0,No forecast demand
53,ST008,MD048,Upper-mid,59900.0,0.5,0,0.45937500000000003,7.669031719532554e-06,0,0.0,No forecast demand
53,ST008,MD049,Premium,70500.0,0.5,0,0.45937500000000003,6.515957446808511e-06,0,0.0,No forecast demand
53,ST008,MD051,Premium,82400.0,0.25,0,0.22968750000000002,2.787469660194175e-06,0,0.0,No forecast demand
53,ST008,MD053,Premium,82100.0,0.0,0,0.0,0.0,0,0.0,No forecast demand
53,ST008,MD054,Premium,74400.0,0.0,0,0.0,0.0,0,0.0,No forecast demand
53,ST008,MD055,Premium,75000.0,0.5,0,0.5134868421052632,6.846491228070176e-06,0,0.0,No forecast demand
53,ST008,MD056,Flagship,102800.0,0.0,0,0.0,0.0,0,0.0,No forecast demand
53,ST008,MD057,Flagship,119700.0,0.0,0,0.0,0.0,0,0.0,No forecast demand
53,ST008,MD058,Flagship,150000.0,0.0,0,0.0,0.0,0,0.0,No forecast demand
53,ST008,MD059,Flagship,128600.0,0.0,0,0.0,0.0,0,0.0,No forecast demand
53,ST008,MD060,Flagship,105100.0,0.0,0,0.0,0.0,0,0.0,No forecast demand
53,ST009,MD052,Premium,96000.0,1.0,1,1.125,1.171875e-05,1,96000.0,Allocated based on forecast demand and priority per rupee
53,ST009,MD012,Entry,9100.0,9.25,9,10.40625,0.0011435439560439561,9,81900.0,Allocated based on forecast demand and priority per rupee
53,ST009,MD046,Upper-mid,71500.0,1.0,1,0.9357142857142857,1.3086913086913087e-05,1,71500.0,Allocated based on forecast demand and priority per rupee
53,ST009,MD035,Mid-range,32400.0,2.5,2,2.597222222222222,8.016117969821672e-05,2,64800.0,Allocated based on forecast demand and priority per rupee
53,ST009,MD021,Budget,25200.0,2.25,2,2.53125,0.00010044642857142857,2,50400.0,Allocated based on forecast demand and priority per rupee
53,ST009,MD038,Mid-range,39900.0,1.75,1,1.96875,4.9342105263157894e-05,1,39900.0,Allocated based on forecast demand and priority per rupee
53,ST009,MD006,Entry,13100.0,2.5,2,2.1875,0.00016698473282442748,2,26200.0,Allocated based on forecast demand and priority per rupee
53,ST009,MD019,Budget,25600.0,1.0,1,0.9330985915492958,3.6449163732394365e-05,1,25600.0,Allocated based on forecast demand and priority per rupee
53,ST009,MD010,Entry,9800.0,2.25,2,2.53125,0.0002582908163265306,2,19600.0,Allocated based on forecast demand and priority per rupee
53,ST009,MD024,Budget,16600.0,1.75,1,1.8673780487804879,0.00011249265354099325,1,16600.0,Allocated based on forecast demand and priority per rupee
53,ST009,MD001,Keypad,7600.0,0.25,0,0.21875,2.8782894736842105e-05,0,0.0,No forecast demand
53,ST009,MD002,Keypad,7900.0,0.25,0,0.21875,2.7689873417721518e-05,0,0.0,No forecast demand
53,ST009,MD003,Keypad,6300.0,0.25,0,0.28125,4.464285714285714e-05,0,0.0,No forecast demand
53,ST009,MD004,Keypad,8800.0,0.0,0,0.0,0.0,0,0.0,No forecast demand
53,ST009,MD005,Entry,11600.0,0.0,0,0.0,0.0,0,0.0,No forecast demand
53,ST009,MD007,Entry,14300.0,0.0,0,0.0,0.0,0,0.0,No forecast demand
53,ST009,MD008,Entry,8500.0,0.0,0,0.0,0.0,0,0.0,No forecast demand
53,ST009,MD009,Entry,11500.0,0.5,0,0.4375,3.804347826086956e-05,0,0.0,No forecast demand
53,ST009,MD011,Entry,12100.0,0.0,0,0.0,0.0,0,0.0,No forecast demand
53,ST009,MD013,Entry,14500.0,0.0,0,0.0,0.0,0,0.0,No forecast demand
53,ST009,MD014,Budget,20600.0,0.0,0,0.0,0.0,0,0.0,No forecast demand
53,ST009,MD015,Budget,16700.0,0.25,0,0.21875,1.309880239520958e-05,0,0.0,No forecast demand
53,ST009,MD016,Budget,23300.0,0.75,0,0.65625,2.8165236051502145e-05,0,0.0,No forecast demand
53,ST009,MD017,Budget,19500.0,0.5,0,0.4375,2.2435897435897437e-05,0,0.0,No forecast demand
53,ST009,MD018,Budget,15900.0,0.0,0,0.0,0.0,0,0.0,No forecast demand
53,ST009,MD020,Budget,19500.0,0.5,0,0.4375,2.2435897435897437e-05,0,0.0,No forecast demand
53,ST009,MD022,Budget,21400.0,0.0,0,0.0,0.0,0,0.0,No forecast demand
53,ST009,MD023,Budget,21300.0,0.0,0,0.0,0.0,0,0.0,No forecast demand
53,ST009,MD025,Budget,16000.0,0.0,0,0.0,0.0,0,0.0,No forecast demand
53,ST009,MD026,Mid-range,31900.0,0.0,0,0.0,0.0,0,0.0,No forecast demand
53,ST009,MD027,Mid-range,46300.0,0.75,0,0.84375,1.822354211663067e-05,0,0.0,No forecast demand
53,ST009,MD028,Mid-range,36500.0,0.0,0,0.0,0.0,0,0.0,No forecast demand
53,ST009,MD029,Mid-range,31600.0,0.0,0,0.0,0.0,0,0.0,No forecast demand
53,ST009,MD030,Mid-range,27200.0,0.5,0,0.5625,2.068014705882353e-05,0,0.0,No forecast demand
53,ST009,MD031,Mid-range,38400.0,0.0,0,0.0,0.0,0,0.0,No forecast demand
53,ST009,MD032,Mid-range,42200.0,0.0,0,0.0,0.0,0,0.0,No forecast demand
53,ST009,MD033,Mid-range,36100.0,0.0,0,0.0,0.0,0,0.0,No forecast demand
53,ST009,MD034,Mid-range,44100.0,0.0,0,0.0,0.0,0,0.0,No forecast demand
53,ST009,MD036,Mid-range,36400.0,0.0,0,0.0,0.0,0,0.0,No forecast demand
53,ST009,MD037,Mid-range,35400.0,0.0,0,0.0,0.0,0,0.0,No forecast demand
53,ST009,MD039,Upper-mid,51000.0,0.25,0,0.23529411764705882,4.61361014994233e-06,0,0.0,No forecast demand
53,ST009,MD040,Upper-mid,60000.0,0.0,0,0.0,0.0,0,0.0,No forecast demand
53,ST009,MD041,Upper-mid,69300.0,0.25,0,0.21875,3.1565656565656566e-06,0,0.0,No forecast demand
53,ST009,MD042,Upper-mid,48300.0,0.0,0,0.0,0.0,0,0.0,No forecast demand
53,ST009,MD043,Upper-mid,59500.0,0.0,0,0.0,0.0,0,0.0,No forecast demand
53,ST009,MD044,Upper-mid,66900.0,0.5,0,0.4375,6.539611360239163e-06,0,0.0,No forecast demand
53,ST009,MD045,Upper-mid,52500.0,0.25,0,0.21875,4.166666666666667e-06,0,0.0,No forecast demand
53,ST009,MD047,Upper-mid,62300.0,0.0,0,0.0,0.0,0,0.0,No forecast demand
53,ST009,MD048,Upper-mid,59900.0,0.5,0,0.4375,7.303839732888147e-06,0,0.0,No forecast demand
53,ST009,MD049,Premium,70500.0,0.0,0,0.0,0.0,0,0.0,No forecast demand
53,ST009,MD050,Premium,97100.0,0.5,0,0.4375,4.505664263645726e-06,0,0.0,No forecast demand
53,ST009,MD051,Premium,82400.0,0.0,0,0.0,0.0,0,0.0,No forecast demand
53,ST009,MD053,Premium,82100.0,0.0,0,0.0,0.0,0,0.0,No forecast demand
53,ST009,MD054,Premium,74400.0,0.0,0,0.0,0.0,0,0.0,No forecast demand
53,ST009,MD055,Premium,75000.0,0.0,0,0.0,0.0,0,0.0,No forecast demand
53,ST009,MD056,Flagship,102800.0,0.0,0,0.0,0.0,0,0.0,No forecast demand
53,ST009,MD057,Flagship,119700.0,0.0,0,0.0,0.0,0,0.0,No forecast demand
53,ST009,MD058,Flagship,150000.0,0.0,0,0.0,0.0,0,0.0,No forecast demand
53,ST009,MD059,Flagship,128600.0,0.0,0,0.0,0.0,0,0.0,No forecast demand
53,ST009,MD060,Flagship,105100.0,0.0,0,0.0,0.0,0,0.0,No forecast demand
53,ST010,MD016,Budget,23300.0,8.5,8,9.5625,0.00041040772532188844,8,186400.0,Allocated based on forecast demand and priority per rupee
53,ST010,MD010,Entry,9800.0,7.5,7,8.4375,0.0008609693877551021,7,68600.0,Allocated based on forecast demand and priority per rupee
53,ST010,MD012,Entry,9100.0,7.0,7,7.875,0.0008653846153846154,7,63700.0,Allocated based on forecast demand and priority per rupee
53,ST010,MD027,Mid-range,46300.0,1.75,1,1.96875,4.2521598272138226e-05,1,46300.0,Allocated based on forecast demand and priority per rupee
53,ST010,MD019,Budget,25600.0,1.0,1,0.9976190476190476,3.896949404761905e-05,1,25600.0,Allocated based on forecast demand and priority per rupee
53,ST010,MD021,Budget,25200.0,1.5,1,1.6875,6.696428571428572e-05,1,25200.0,Allocated based on forecast demand and priority per rupee
53,ST010,MD024,Budget,16600.0,1.5,1,1.5229591836734695,9.174452913695599e-05,1,16600.0,Allocated based on forecast demand and priority per rupee
53,ST010,MD006,Entry,13100.0,1.75,1,1.53125,0.00011688931297709923,1,13100.0,Allocated based on forecast demand and priority per rupee
53,ST010,MD002,Keypad,7900.0,1.75,1,1.53125,0.00019382911392405063,1,7900.0,Allocated based on forecast demand and priority per rupee
53,ST010,MD001,Keypad,7600.0,0.25,0,0.21875,2.8782894736842105e-05,0,0.0,No forecast demand
53,ST010,MD003,Keypad,6300.0,0.5,0,0.5625,8.928571428571429e-05,0,0.0,No forecast demand
53,ST010,MD004,Keypad,8800.0,0.0,0,0.0,0.0,0,0.0,No forecast demand
53,ST010,MD005,Entry,11600.0,0.0,0,0.0,0.0,0,0.0,No forecast demand
53,ST010,MD007,Entry,14300.0,0.75,0,0.84375,5.9003496503496503e-05,0,0.0,No forecast demand
53,ST010,MD008,Entry,8500.0,0.0,0,0.0,0.0,0,0.0,No forecast demand
53,ST010,MD009,Entry,11500.0,0.25,0,0.2261904761904762,1.9668737060041407e-05,0,0.0,No forecast demand
53,ST010,MD011,Entry,12100.0,0.25,0,0.21875,1.8078512396694216e-05,0,0.0,No forecast demand
53,ST010,MD013,Entry,14500.0,0.0,0,0.0,0.0,0,0.0,No forecast demand
53,ST010,MD014,Budget,20600.0,0.0,0,0.0,0.0,0,0.0,No forecast demand
53,ST010,MD015,Budget,16700.0,0.25,0,0.21875,1.309880239520958e-05,0,0.0,No forecast demand
53,ST010,MD017,Budget,19500.0,0.75,0,0.65625,3.365384615384615e-05,0,0.0,No forecast demand
53,ST010,MD018,Budget,15900.0,0.0,0,0.0,0.0,0,0.0,No forecast demand
53,ST010,MD020,Budget,19500.0,0.0,0,0.0,0.0,0,0.0,No forecast demand
53,ST010,MD022,Budget,21400.0,0.0,0,0.0,0.0,0,0.0,No forecast demand
53,ST010,MD023,Budget,21300.0,0.0,0,0.0,0.0,0,0.0,No forecast demand
53,ST010,MD025,Budget,16000.0,0.0,0,0.0,0.0,0,0.0,No forecast demand
53,ST010,MD026,Mid-range,31900.0,0.0,0,0.0,0.0,0,0.0,No forecast demand
53,ST010,MD028,Mid-range,36500.0,0.0,0,0.0,0.0,0,0.0,No forecast demand
53,ST010,MD029,Mid-range,31600.0,0.0,0,0.0,0.0,0,0.0,No forecast demand
53,ST010,MD030,Mid-range,27200.0,0.75,0,0.65625,2.4126838235294116e-05,0,0.0,No forecast demand
53,ST010,MD031,Mid-range,38400.0,0.0,0,0.0,0.0,0,0.0,No forecast demand
53,ST010,MD032,Mid-range,42200.0,0.75,0,0.6814024390243902,1.6146977228066118e-05,0,0.0,No forecast demand
53,ST010,MD033,Mid-range,36100.0,0.0,0,0.0,0.0,0,0.0,No forecast demand
53,ST010,MD034,Mid-range,44100.0,0.0,0,0.0,0.0,0,0.0,No forecast demand
53,ST010,MD035,Mid-range,32400.0,0.75,0,0.65625,2.025462962962963e-05,0,0.0,No forecast demand
53,ST010,MD036,Mid-range,36400.0,0.0,0,0.0,0.0,0,0.0,No forecast demand
53,ST010,MD037,Mid-range,35400.0,0.0,0,0.0,0.0,0,0.0,No forecast demand
53,ST010,MD038,Mid-range,39900.0,0.75,0,0.84375,2.1146616541353382e-05,0,0.0,No forecast demand
53,ST010,MD039,Upper-mid,51000.0,0.5,0,0.4375,8.57843137254902e-06,0,0.0,No forecast demand
53,ST010,MD040,Upper-mid,60000.0,0.0,0,0.0,0.0,0,0.0,No forecast demand
53,ST010,MD041,Upper-mid,69300.0,0.0,0,0.0,0.0,0,0.0,No forecast demand
53,ST010,MD042,Upper-mid,48300.0,0.0,0,0.0,0.0,0,0.0,No forecast demand
53,ST010,MD043,Upper-mid,59500.0,0.25,0,0.21875,3.6764705882352942e-06,0,0.0,No forecast demand
53,ST010,MD044,Upper-mid,66900.0,0.75,0,0.84375,1.2612107623318386e-05,0,0.0,No forecast demand
53,ST010,MD045,Upper-mid,52500.0,0.0,0,0.0,0.0,0,0.0,No forecast demand
53,ST010,MD046,Upper-mid,71500.0,0.5,0,0.4375,6.118881118881119e-06,0,0.0,No forecast demand
53,ST010,MD047,Upper-mid,62300.0,0.0,0,0.0,0.0,0,0.0,No forecast demand
53,ST010,MD048,Upper-mid,59900.0,0.0,0,0.0,0.0,0,0.0,No forecast demand
53,ST010,MD049,Premium,70500.0,0.0,0,0.0,0.0,0,0.0,No forecast demand
53,ST010,MD050,Premium,97100.0,0.0,0,0.0,0.0,0,0.0,No forecast demand
53,ST010,MD051,Premium,82400.0,0.0,0,0.0,0.0,0,0.0,No forecast demand
53,ST010,MD052,Premium,96000.0,0.0,0,0.0,0.0,0,0.0,No forecast demand
53,ST010,MD053,Premium,82100.0,0.0,0,0.0,0.0,0,0.0,No forecast demand
53,ST010,MD054,Premium,74400.0,0.0,0,0.0,0.0,0,0.0,No forecast demand
53,ST010,MD055,Premium,75000.0,0.5,0,0.4375,5.833333333333333e-06,0,0.0,No forecast demand
53,ST010,MD056,Flagship,102800.0,0.0,0,0.0,0.0,0,0.0,No forecast demand
53,ST010,MD057,Flagship,119700.0,0.0,0,0.0,0.0,0,0.0,No forecast demand
53,ST010,MD058,Flagship,150000.0,0.25,0,0.28125,1.875e-06,0,0.0,No forecast demand
53,ST010,MD059,Flagship,128600.0,0.0,0,0.0,0.0,0,0.0,No forecast demand
53,ST010,MD060,Flagship,105100.0,0.0,0,0.0,0.0,0,0.0,No forecast demand
53,ST011,MD016,Budget,23300.0,4.5,4,5.0625,0.00021727467811158798,4,93200.0,Allocated based on forecast demand and priority per rupee
53,ST011,MD038,Mid-range,39900.0,2.0,2,2.25,5.639097744360902e-05,2,79800.0,Allocated based on forecast demand and priority per rupee
53,ST011,MD021,Budget,25200.0,3.75,3,4.21875,0.0001674107142857143,3,75600.0,Allocated based on forecast demand and priority per rupee
53,ST011,MD010,Entry,9800.0,7.0,7,7.875,0.0008035714285714286,7,68600.0,Allocated based on forecast demand and priority per rupee
53,ST011,MD024,Budget,16600.0,3.0,3,2.625,0.00015813253012048192,3,49800.0,Allocated based on forecast demand and priority per rupee
53,ST011,MD012,Entry,9100.0,5.25,5,5.90625,0.0006490384615384615,5,45500.0,Allocated based on forecast demand and priority per rupee
53,ST011,MD030,Mid-range,27200.0,1.75,1,1.53125,5.629595588235294e-05,1,27200.0,Allocated based on forecast demand and priority per rupee
53,ST011,MD002,Keypad,7900.0,2.0,2,1.7921348314606742,0.00022685251031147774,2,15800.0,Allocated based on forecast demand and priority per rupee
53,ST011,MD006,Entry,13100.0,1.0,1,0.875,6.6793893129771e-05,1,13100.0,Allocated based on forecast demand and priority per rupee
53,ST011,MD001,Keypad,7600.0,0.25,0,0.21875,2.8782894736842105e-05,0,0.0,No forecast demand
53,ST011,MD003,Keypad,6300.0,0.25,0,0.21875,3.472222222222222e-05,0,0.0,No forecast demand
53,ST011,MD004,Keypad,8800.0,0.0,0,0.0,0.0,0,0.0,No forecast demand
53,ST011,MD005,Entry,11600.0,0.0,0,0.0,0.0,0,0.0,No forecast demand
53,ST011,MD007,Entry,14300.0,0.25,0,0.28125,1.9667832167832168e-05,0,0.0,No forecast demand
53,ST011,MD008,Entry,8500.0,0.0,0,0.0,0.0,0,0.0,No forecast demand
53,ST011,MD009,Entry,11500.0,0.0,0,0.0,0.0,0,0.0,No forecast demand
53,ST011,MD011,Entry,12100.0,0.25,0,0.21875,1.8078512396694216e-05,0,0.0,No forecast demand
53,ST011,MD013,Entry,14500.0,0.0,0,0.0,0.0,0,0.0,No forecast demand
53,ST011,MD014,Budget,20600.0,0.0,0,0.0,0.0,0,0.0,No forecast demand
53,ST011,MD015,Budget,16700.0,0.75,0,0.65625,3.9296407185628745e-05,0,0.0,No forecast demand
53,ST011,MD017,Budget,19500.0,0.25,0,0.22,1.1282051282051283e-05,0,0.0,No forecast demand
53,ST011,MD018,Budget,15900.0,0.0,0,0.0,0.0,0,0.0,No forecast demand
53,ST011,MD019,Budget,25600.0,0.25,0,0.21875,8.544921875e-06,0,0.0,No forecast demand
53,ST011,MD020,Budget,19500.0,0.25,0,0.21875,1.1217948717948719e-05,0,0.0,No forecast demand
53,ST011,MD022,Budget,21400.0,0.0,0,0.0,0.0,0,0.0,No forecast demand
53,ST011,MD023,Budget,21300.0,0.0,0,0.0,0.0,0,0.0,No forecast demand
53,ST011,MD025,Budget,16000.0,0.0,0,0.0,0.0,0,0.0,No forecast demand
53,ST011,MD026,Mid-range,31900.0,0.25,0,0.21875,6.8573667711598745e-06,0,0.0,No forecast demand
53,ST011,MD027,Mid-range,46300.0,0.0,0,0.0,0.0,0,0.0,No forecast demand
53,ST011,MD028,Mid-range,36500.0,0.0,0,0.0,0.0,0,0.0,No forecast demand
53,ST011,MD029,Mid-range,31600.0,0.0,0,0.0,0.0,0,0.0,No forecast demand
53,ST011,MD031,Mid-range,38400.0,0.0,0,0.0,0.0,0,0.0,No forecast demand
53,ST011,MD032,Mid-range,42200.0,0.5,0,0.4375,1.0367298578199051e-05,0,0.0,No forecast demand
53,ST011,MD033,Mid-range,36100.0,0.0,0,0.0,0.0,0,0.0,No forecast demand
53,ST011,MD034,Mid-range,44100.0,0.0,0,0.0,0.0,0,0.0,No forecast demand
53,ST011,MD035,Mid-range,32400.0,0.0,0,0.0,0.0,0,0.0,No forecast demand
53,ST011,MD036,Mid-range,36400.0,0.0,0,0.0,0.0,0,0.0,No forecast demand
53,ST011,MD037,Mid-range,35400.0,0.25,0,0.21875,6.179378531073446e-06,0,0.0,No forecast demand
53,ST011,MD039,Upper-mid,51000.0,0.75,0,0.84375,1.6544117647058822e-05,0,0.0,No forecast demand
53,ST011,MD040,Upper-mid,60000.0,0.0,0,0.0,0.0,0,0.0,No forecast demand
53,ST011,MD041,Upper-mid,69300.0,0.25,0,0.21875,3.1565656565656566e-06,0,0.0,No forecast demand
53,ST011,MD042,Upper-mid,48300.0,0.0,0,0.0,0.0,0,0.0,No forecast demand
53,ST011,MD043,Upper-mid,59500.0,0.0,0,0.0,0.0,0,0.0,No forecast demand
53,ST011,MD044,Upper-mid,66900.0,0.0,0,0.0,0.0,0,0.0,No forecast demand
53,ST011,MD045,Upper-mid,52500.0,0.0,0,0.0,0.0,0,0.0,No forecast demand
53,ST011,MD046,Upper-mid,71500.0,0.0,0,0.0,0.0,0,0.0,No forecast demand
53,ST011,MD047,Upper-mid,62300.0,0.0,0,0.0,0.0,0,0.0,No forecast demand
53,ST011,MD048,Upper-mid,59900.0,0.25,0,0.21875,3.6519198664440735e-06,0,0.0,No forecast demand
53,ST011,MD049,Premium,70500.0,0.25,0,0.21875,3.102836879432624e-06,0,0.0,No forecast demand
53,ST011,MD050,Premium,97100.0,0.25,0,0.28125,2.896498455200824e-06,0,0.0,No forecast demand
53,ST011,MD051,Premium,82400.0,0.25,0,0.28125,3.413228155339806e-06,0,0.0,No forecast demand
53,ST011,MD052,Premium,96000.0,0.5,0,0.5625,5.859375e-06,0,0.0,No forecast demand
53,ST011,MD053,Premium,82100.0,0.0,0,0.0,0.0,0,0.0,No forecast demand
53,ST011,MD054,Premium,74400.0,0.0,0,0.0,0.0,0,0.0,No forecast demand
53,ST011,MD055,Premium,75000.0,0.0,0,0.0,0.0,0,0.0,No forecast demand
53,ST011,MD056,Flagship,102800.0,0.0,0,0.0,0.0,0,0.0,No forecast demand
53,ST011,MD057,Flagship,119700.0,0.0,0,0.0,0.0,0,0.0,No forecast demand
53,ST011,MD058,Flagship,150000.0,0.0,0,0.0,0.0,0,0.0,No forecast demand
53,ST011,MD059,Flagship,128600.0,0.0,0,0.0,0.0,0,0.0,No forecast demand
53,ST011,MD060,Flagship,105100.0,0.0,0,0.0,0.0,0,0.0,No forecast demand
53,ST012,MD027,Mid-range,46300.0,2.25,2,2.53125,5.4670626349892006e-05,2,92600.0,Allocated based on forecast demand and priority per rupee
53,ST012,MD012,Entry,9100.0,6.75,6,7.59375,0.000834478021978022,6,54600.0,Allocated based on forecast demand and priority per rupee
53,ST012,MD010,Entry,9800.0,4.5,4,5.0625,0.0005165816326530612,4,39200.0,Allocated based on forecast demand and priority per rupee
53,ST012,MD016,Budget,23300.0,1.0,1,0.875,3.755364806866953e-05,1,23300.0,Allocated based on forecast demand and priority per rupee
53,ST012,MD006,Entry,13100.0,1.75,1,1.611842105263158,0.0001230413820811571,1,13100.0,Allocated based on forecast demand and priority per rupee
53,ST012,MD001,Keypad,7600.0,0.0,0,0.0,0.0,0,0.0,No forecast demand
53,ST012,MD002,Keypad,7900.0,0.0,0,0.0,0.0,0,0.0,No forecast demand
53,ST012,MD003,Keypad,6300.0,0.75,0,0.84375,0.00013392857142857144,0,0.0,No forecast demand
53,ST012,MD004,Keypad,8800.0,0.0,0,0.0,0.0,0,0.0,No forecast demand
53,ST012,MD005,Entry,11600.0,0.0,0,0.0,0.0,0,0.0,No forecast demand
53,ST012,MD007,Entry,14300.0,0.25,0,0.28125,1.9667832167832168e-05,0,0.0,No forecast demand
53,ST012,MD008,Entry,8500.0,0.0,0,0.0,0.0,0,0.0,No forecast demand
53,ST012,MD009,Entry,11500.0,0.0,0,0.0,0.0,0,0.0,No forecast demand
53,ST012,MD011,Entry,12100.0,0.5,0,0.4375,3.615702479338843e-05,0,0.0,No forecast demand
53,ST012,MD013,Entry,14500.0,0.0,0,0.0,0.0,0,0.0,No forecast demand
53,ST012,MD014,Budget,20600.0,0.0,0,0.0,0.0,0,0.0,No forecast demand
53,ST012,MD015,Budget,16700.0,0.0,0,0.0,0.0,0,0.0,No forecast demand
53,ST012,MD017,Budget,19500.0,0.25,0,0.21875,1.1217948717948719e-05,0,0.0,No forecast demand
53,ST012,MD018,Budget,15900.0,0.0,0,0.0,0.0,0,0.0,No forecast demand
53,ST012,MD019,Budget,25600.0,0.25,0,0.21875,8.544921875e-06,0,0.0,No forecast demand
53,ST012,MD020,Budget,19500.0,0.0,0,0.0,0.0,0,0.0,No forecast demand
53,ST012,MD021,Budget,25200.0,0.25,0,0.21875,8.680555555555556e-06,0,0.0,No forecast demand
53,ST012,MD022,Budget,21400.0,0.0,0,0.0,0.0,0,0.0,No forecast demand
53,ST012,MD023,Budget,21300.0,0.0,0,0.0,0.0,0,0.0,No forecast demand
53,ST012,MD024,Budget,16600.0,0.0,0,0.0,0.0,0,0.0,No forecast demand
53,ST012,MD025,Budget,16000.0,0.25,0,0.21875,1.3671875e-05,0,0.0,No forecast demand
53,ST012,MD026,Mid-range,31900.0,0.0,0,0.0,0.0,0,0.0,No forecast demand
53,ST012,MD028,Mid-range,36500.0,0.0,0,0.0,0.0,0,0.0,No forecast demand
53,ST012,MD029,Mid-range,31600.0,0.0,0,0.0,0.0,0,0.0,No forecast demand
53,ST012,MD030,Mid-range,27200.0,0.5,0,0.5194444444444444,1.909722222222222e-05,0,0.0,No forecast demand
53,ST012,MD031,Mid-range,38400.0,0.0,0,0.0,0.0,0,0.0,No forecast demand
53,ST012,MD032,Mid-range,42200.0,0.25,0,0.21875,5.183649289099526e-06,0,0.0,No forecast demand
53,ST012,MD033,Mid-range,36100.0,0.0,0,0.0,0.0,0,0.0,No forecast demand
53,ST012,MD034,Mid-range,44100.0,0.0,0,0.0,0.0,0,0.0,No forecast demand
53,ST012,MD035,Mid-range,32400.0,0.0,0,0.0,0.0,0,0.0,No forecast demand
53,ST012,MD036,Mid-range,36400.0,0.0,0,0.0,0.0,0,0.0,No forecast demand
53,ST012,MD037,Mid-range,35400.0,0.25,0,0.21875,6.179378531073446e-06,0,0.0,No forecast demand
53,ST012,MD038,Mid-range,39900.0,0.5,0,0.4375,1.0964912280701754e-05,0,0.0,No forecast demand
53,ST012,MD039,Upper-mid,51000.0,0.25,0,0.21875,4.28921568627451e-06,0,0.0,No forecast demand
53,ST012,MD040,Upper-mid,60000.0,0.0,0,0.0,0.0,0,0.0,No forecast demand
53,ST012,MD041,Upper-mid,69300.0,0.0,0,0.0,0.0,0,0.0,No forecast demand
53,ST012,MD042,Upper-mid,48300.0,0.0,0,0.0,0.0,0,0.0,No forecast demand
53,ST012,MD043,Upper-mid,59500.0,0.0,0,0.0,0.0,0,0.0,No forecast demand
53,ST012,MD044,Upper-mid,66900.0,0.0,0,0.0,0.0,0,0.0,No forecast demand
53,ST012,MD045,Upper-mid,52500.0,0.0,0,0.0,0.0,0,0.0,No forecast demand
53,ST012,MD046,Upper-mid,71500.0,0.0,0,0.0,0.0,0,0.0,No forecast demand
53,ST012,MD047,Upper-mid,62300.0,0.0,0,0.0,0.0,0,0.0,No forecast demand
53,ST012,MD048,Upper-mid,59900.0,0.0,0,0.0,0.0,0,0.0,No forecast demand
53,ST012,MD049,Premium,70500.0,0.0,0,0.0,0.0,0,0.0,No forecast demand
53,ST012,MD050,Premium,97100.0,0.0,0,0.0,0.0,0,0.0,No forecast demand
53,ST012,MD051,Premium,82400.0,0.0,0,0.0,0.0,0,0.0,No forecast demand
53,ST012,MD052,Premium,96000.0,0.0,0,0.0,0.0,0,0.0,No forecast demand
53,ST012,MD053,Premium,82100.0,0.0,0,0.0,0.0,0,0.0,No forecast demand
53,ST012,MD054,Premium,74400.0,0.0,0,0.0,0.0,0,0.0,No forecast demand
53,ST012,MD055,Premium,75000.0,0.0,0,0.0,0.0,0,0.0,No forecast demand
53,ST012,MD056,Flagship,102800.0,0.0,0,0.0,0.0,0,0.0,No forecast demand
53,ST012,MD057,Flagship,119700.0,0.0,0,0.0,0.0,0,0.0,No forecast demand
53,ST012,MD058,Flagship,150000.0,0.0,0,0.0,0.0,0,0.0,No forecast demand
53,ST012,MD059,Flagship,128600.0,0.0,0,0.0,0.0,0,0.0,No forecast demand
53,ST012,MD060,Flagship,105100.0,0.0,0,0.0,0.0,0,0.0,No forecast demand
53,ST013,MD016,Budget,23300.0,7.25,7,8.15625,0.00035005364806866955,7,163100.0,Allocated based on forecast demand and priority per rupee
53,ST013,MD027,Mid-range,46300.0,3.25,3,3.65625,7.896868250539957e-05,3,138900.0,Allocated based on forecast demand and priority per rupee
53,ST013,MD038,Mid-range,39900.0,2.0,2,2.25,5.639097744360902e-05,2,79800.0,Allocated based on forecast demand and priority per rupee
53,ST013,MD010,Entry,9800.0,8.25,8,9.28125,0.0009470663265306122,8,78400.0,Allocated based on forecast demand and priority per rupee
53,ST013,MD021,Budget,25200.0,3.5,3,3.9375,0.00015625,3,75600.0,Allocated based on forecast demand and priority per rupee
53,ST013,MD012,Entry,9100.0,6.25,6,7.03125,0.0007726648351648351,6,54600.0,Allocated based on forecast demand and priority per rupee
53,ST013,MD020,Budget,19500.0,1.5,1,1.335431654676259,6.848367459878252e-05,1,19500.0,Allocated based on forecast demand and priority per rupee
53,ST013,MD002,Keypad,7900.0,2.0,2,1.75,0.00022151898734177215,2,15800.0,Allocated based on forecast demand and priority per rupee
53,ST013,MD001,Keypad,7600.0,1.0,1,0.875,0.00011513157894736842,1,7600.0,Allocated based on forecast demand and priority per rupee
53,ST013,MD003,Keypad,6300.0,0.5,0,0.5625,8.928571428571429e-05,0,0.0,No forecast demand
53,ST013,MD004,Keypad,8800.0,0.0,0,0.0,0.0,0,0.0,No forecast demand
53,ST013,MD005,Entry,11600.0,0.0,0,0.0,0.0,0,0.0,No forecast demand
53,ST013,MD006,Entry,13100.0,0.75,0,0.65625,5.0095419847328243e-05,0,0.0,No forecast demand
53,ST013,MD007,Entry,14300.0,0.25,0,0.28125,1.9667832167832168e-05,0,0.0,No forecast demand
53,ST013,MD008,Entry,8500.0,0.0,0,0.0,0.0,0,0.0,No forecast demand
53,ST013,MD009,Entry,11500.0,0.5,0,0.4375,3.804347826086956e-05,0,0.0,No forecast demand
53,ST013,MD011,Entry,12100.0,0.0,0,0.0,0.0,0,0.0,No forecast demand
53,ST013,MD013,Entry,14500.0,0.0,0,0.0,0.0,0,0.0,No forecast demand
53,ST013,MD014,Budget,20600.0,0.0,0,0.0,0.0,0,0.0,No forecast demand
53,ST013,MD015,Budget,16700.0,0.25,0,0.21875,1.309880239520958e-05,0,0.0,No forecast demand
53,ST013,MD017,Budget,19500.0,0.25,0,0.21875,1.1217948717948719e-05,0,0.0,No forecast demand
53,ST013,MD018,Budget,15900.0,0.25,0,0.21875,1.3757861635220125e-05,0,0.0,No forecast demand
53,ST013,MD019,Budget,25600.0,0.25,0,0.21875,8.544921875e-06,0,0.0,No forecast demand
53,ST013,MD022,Budget,21400.0,0.0,0,0.0,0.0,0,0.0,No forecast demand
53,ST013,MD023,Budget,21300.0,0.0,0,0.0,0.0,0,0.0,No forecast demand
53,ST013,MD024,Budget,16600.0,0.0,0,0.0,0.0,0,0.0,No forecast demand
53,ST013,MD025,Budget,16000.0,0.0,0,0.0,0.0,0,0.0,No forecast demand
53,ST013,MD026,Mid-range,31900.0,0.25,0,0.21875,6.8573667711598745e-06,0,0.0,No forecast demand
53,ST013,MD028,Mid-range,36500.0,0.0,0,0.0,0.0,0,0.0,No forecast demand
53,ST013,MD029,Mid-range,31600.0,0.0,0,0.0,0.0,0,0.0,No forecast demand
53,ST013,MD030,Mid-range,27200.0,0.25,0,0.21875,8.042279411764706e-06,0,0.0,No forecast demand
53,ST013,MD031,Mid-range,38400.0,0.0,0,0.0,0.0,0,0.0,No forecast demand
53,ST013,MD032,Mid-range,42200.0,0.0,0,0.0,0.0,0,0.0,No forecast demand
53,ST013,MD033,Mid-range,36100.0,0.0,0,0.0,0.0,0,0.0,No forecast demand
53,ST013,MD034,Mid-range,44100.0,0.0,0,0.0,0.0,0,0.0,No forecast demand
53,ST013,MD035,Mid-range,32400.0,0.25,0,0.21875,6.751543209876544e-06,0,0.0,No forecast demand
53,ST013,MD036,Mid-range,36400.0,0.0,0,0.0,0.0,0,0.0,No forecast demand
53,ST013,MD037,Mid-range,35400.0,0.25,0,0.27533783783783783,7.777905023667735e-06,0,0.0,No forecast demand
53,ST013,MD039,Upper-mid,51000.0,0.25,0,0.21875,4.28921568627451e-06,0,0.0,No forecast demand
53,ST013,MD040,Upper-mid,60000.0,0.0,0,0.0,0.0,0,0.0,No forecast demand
53,ST013,MD041,Upper-mid,69300.0,0.0,0,0.0,0.0,0,0.0,No forecast demand
53,ST013,MD042,Upper-mid,48300.0,0.0,0,0.0,0.0,0,0.0,No forecast demand
53,ST013,MD043,Upper-mid,59500.0,0.5,0,0.46785714285714286,7.863145258103242e-06,0,0.0,No forecast demand
53,ST013,MD044,Upper-mid,66900.0,0.0,0,0.0,0.0,0,0.0,No forecast demand
53,ST013,MD045,Upper-mid,52500.0,0.0,0,0.0,0.0,0,0.0,No forecast demand
53,ST013,MD046,Upper-mid,71500.0,0.5,0,0.4375,6.118881118881119e-06,0,0.0,No forecast demand
53,ST013,MD047,Upper-mid,62300.0,0.0,0,0.0,0.0,0,0.0,No forecast demand
53,ST013,MD048,Upper-mid,59900.0,0.0,0,0.0,0.0,0,0.0,No forecast demand
53,ST013,MD049,Premium,70500.0,0.0,0,0.0,0.0,0,0.0,No forecast demand
53,ST013,MD050,Premium,97100.0,0.0,0,0.0,0.0,0,0.0,No forecast demand
53,ST013,MD051,Premium,82400.0,0.0,0,0.0,0.0,0,0.0,No forecast demand
53,ST013,MD052,Premium,96000.0,0.0,0,0.0,0.0,0,0.0,No forecast demand
53,ST013,MD053,Premium,82100.0,0.0,0,0.0,0.0,0,0.0,No forecast demand
53,ST013,MD054,Premium,74400.0,0.0,0,0.0,0.0,0,0.0,No forecast demand
53,ST013,MD055,Premium,75000.0,0.0,0,0.0,0.0,0,0.0,No forecast demand
53,ST013,MD056,Flagship,102800.0,0.0,0,0.0,0.0,0,0.0,No forecast demand
53,ST013,MD057,Flagship,119700.0,0.0,0,0.0,0.0,0,0.0,No forecast demand
53,ST013,MD058,Flagship,150000.0,0.0,0,0.0,0.0,0,0.0,No forecast demand
53,ST013,MD059,Flagship,128600.0,0.0,0,0.0,0.0,0,0.0,No forecast demand
53,ST013,MD060,Flagship,105100.0,0.0,0,0.0,0.0,0,0.0,No forecast demand
53,ST014,MD027,Mid-range,46300.0,3.0,3,3.375,7.289416846652268e-05,3,138900.0,Allocated based on forecast demand and priority per rupee
53,ST014,MD021,Budget,25200.0,3.25,3,3.5793918918918917,0.0001420393607893608,3,75600.0,Allocated based on forecast demand and priority per rupee
53,ST014,MD039,Upper-mid,51000.0,1.5,1,1.3125,2.573529411764706e-05,1,51000.0,Allocated based on forecast demand and priority per rupee
53,ST014,MD010,Entry,9800.0,5.5,5,6.1875,0.0006313775510204081,5,49000.0,Allocated based on forecast demand and priority per rupee
53,ST014,MD038,Mid-range,39900.0,1.75,1,1.96875,4.9342105263157894e-05,1,39900.0,Allocated based on forecast demand and priority per rupee
53,ST014,MD035,Mid-range,32400.0,1.0,1,0.875,2.7006172839506174e-05,1,32400.0,Allocated based on forecast demand and priority per rupee
53,ST014,MD016,Budget,23300.0,1.25,1,1.40625,6.035407725321888e-05,1,23300.0,Allocated based on forecast demand and priority per rupee
53,ST014,MD012,Entry,9100.0,2.5,2,2.8125,0.00030906593406593405,2,18200.0,Allocated based on forecast demand and priority per rupee
53,ST014,MD024,Budget,16600.0,1.0,1,0.875,5.2710843373493975e-05,1,16600.0,Allocated based on forecast demand and priority per rupee
53,ST014,MD002,Keypad,7900.0,2.0,2,1.8421052631578947,0.00023317788141239174,2,15800.0,Allocated based on forecast demand and priority per rupee
53,ST014,MD006,Entry,13100.0,1.25,1,1.09375,8.349236641221374e-05,1,13100.0,Allocated based on forecast demand and priority per rupee
53,ST014,MD001,Keypad,7600.0,1.0,1,0.875,0.00011513157894736842,1,7600.0,Allocated based on forecast demand and priority per rupee
53,ST014,MD003,Keypad,6300.0,1.5,1,1.6875,0.00026785714285714287,1,6300.0,Allocated based on forecast demand and priority per rupee
53,ST014,MD004,Keypad,8800.0,0.0,0,0.0,0.0,0,0.0,No forecast demand
53,ST014,MD005,Entry,11600.0,0.0,0,0.0,0.0,0,0.0,No forecast demand
53,ST014,MD007,Entry,14300.0,0.5,0,0.5625,3.9335664335664336e-05,0,0.0,No forecast demand
53,ST014,MD008,Entry,8500.0,0.0,0,0.0,0.0,0,0.0,No forecast demand
53,ST014,MD009,Entry,11500.0,0.25,0,0.21875,1.902173913043478e-05,0,0.0,No forecast demand
53,ST014,MD011,Entry,12100.0,0.0,0,0.0,0.0,0,0.0,No forecast demand
53,ST014,MD013,Entry,14500.0,0.0,0,0.0,0.0,0,0.0,No forecast demand
53,ST014,MD014,Budget,20600.0,0.0,0,0.0,0.0,0,0.0,No forecast demand
53,ST014,MD015,Budget,16700.0,0.5,0,0.4375,2.619760479041916e-05,0,0.0,No forecast demand
53,ST014,MD017,Budget,19500.0,0.0,0,0.0,0.0,0,0.0,No forecast demand
53,ST014,MD018,Budget,15900.0,0.0,0,0.0,0.0,0,0.0,No forecast demand
53,ST014,MD019,Budget,25600.0,0.5,0,0.5625,2.197265625e-05,0,0.0,No forecast demand
53,ST014,MD020,Budget,19500.0,0.25,0,0.21875,1.1217948717948719e-05,0,0.0,No forecast demand
53,ST014,MD022,Budget,21400.0,0.0,0,0.0,0.0,0,0.0,No forecast demand
53,ST014,MD023,Budget,21300.0,0.0,0,0.0,0.0,0,0.0,No forecast demand
53,ST014,MD025,Budget,16000.0,0.0,0,0.0,0.0,0,0.0,No forecast demand
53,ST014,MD026,Mid-range,31900.0,0.0,0,0.0,0.0,0,0.0,No forecast demand
53,ST014,MD028,Mid-range,36500.0,0.0,0,0.0,0.0,0,0.0,No forecast demand
53,ST014,MD029,Mid-range,31600.0,0.0,0,0.0,0.0,0,0.0,No forecast demand
53,ST014,MD030,Mid-range,27200.0,0.25,0,0.26136363636363635,9.608957219251337e-06,0,0.0,No forecast demand
53,ST014,MD031,Mid-range,38400.0,0.0,0,0.0,0.0,0,0.0,No forecast demand
53,ST014,MD032,Mid-range,42200.0,0.25,0,0.21875,5.183649289099526e-06,0,0.0,No forecast demand
53,ST014,MD033,Mid-range,36100.0,0.0,0,0.0,0.0,0,0.0,No forecast demand
53,ST014,MD034,Mid-range,44100.0,0.0,0,0.0,0.0,0,0.0,No forecast demand
53,ST014,MD036,Mid-range,36400.0,0.0,0,0.0,0.0,0,0.0,No forecast demand
53,ST014,MD037,Mid-range,35400.0,0.25,0,0.21875,6.179378531073446e-06,0,0.0,No forecast demand
53,ST014,MD040,Upper-mid,60000.0,0.0,0,0.0,0.0,0,0.0,No forecast demand
53,ST014,MD041,Upper-mid,69300.0,0.0,0,0.0,0.0,0,0.0,No forecast demand
53,ST014,MD042,Upper-mid,48300.0,0.25,0,0.21875,4.528985507246377e-06,0,0.0,No forecast demand
53,ST014,MD043,Upper-mid,59500.0,0.25,0,0.21875,3.6764705882352942e-06,0,0.0,No forecast demand
53,ST014,MD044,Upper-mid,66900.0,0.25,0,0.21875,3.2698056801195814e-06,0,0.0,No forecast demand
53,ST014,MD045,Upper-mid,52500.0,0.0,0,0.0,0.0,0,0.0,No forecast demand
53,ST014,MD046,Upper-mid,71500.0,0.0,0,0.0,0.0,0,0.0,No forecast demand
53,ST014,MD047,Upper-mid,62300.0,0.0,0,0.0,0.0,0,0.0,No forecast demand
53,ST014,MD048,Upper-mid,59900.0,0.25,0,0.21875,3.6519198664440735e-06,0,0.0,No forecast demand
53,ST014,MD049,Premium,70500.0,0.0,0,0.0,0.0,0,0.0,No forecast demand
53,ST014,MD050,Premium,97100.0,0.25,0,0.21875,2.252832131822863e-06,0,0.0,No forecast demand
53,ST014,MD051,Premium,82400.0,0.0,0,0.0,0.0,0,0.0,No forecast demand
53,ST014,MD052,Premium,96000.0,0.0,0,0.0,0.0,0,0.0,No forecast demand
53,ST014,MD053,Premium,82100.0,0.0,0,0.0,0.0,0,0.0,No forecast demand
53,ST014,MD054,Premium,74400.0,0.0,0,0.0,0.0,0,0.0,No forecast demand
53,ST014,MD055,Premium,75000.0,0.25,0,0.28125,3.75e-06,0,0.0,No forecast demand
53,ST014,MD056,Flagship,102800.0,0.0,0,0.0,0.0,0,0.0,No forecast demand
53,ST014,MD057,Flagship,119700.0,0.0,0,0.0,0.0,0,0.0,No forecast demand
53,ST014,MD058,Flagship,150000.0,0.0,0,0.0,0.0,0,0.0,No forecast demand
53,ST014,MD059,Flagship,128600.0,0.0,0,0.0,0.0,0,0.0,No forecast demand
53,ST014,MD060,Flagship,105100.0,0.0,0,0.0,0.0,0,0.0,No forecast demand
53,ST015,MD021,Budget,25200.0,6.5,6,7.3125,0.00029017857142857144,6,151200.0,Allocated based on forecast demand and priority per rupee
53,ST015,MD016,Budget,23300.0,5.25,5,5.90625,0.0002534871244635193,5,116500.0,Allocated based on forecast demand and priority per rupee
53,ST015,MD044,Upper-mid,66900.0,1.0,1,0.875,1.3079222720478326e-05,1,66900.0,Allocated based on forecast demand and priority per rupee
53,ST015,MD010,Entry,9800.0,5.5,5,6.1875,0.0006313775510204081,5,49000.0,Allocated based on forecast demand and priority per rupee
53,ST015,MD038,Mid-range,39900.0,1.0,1,1.125,2.819548872180451e-05,1,39900.0,Allocated based on forecast demand and priority per rupee
53,ST015,MD017,Budget,19500.0,1.0,1,0.875,4.4871794871794874e-05,1,19500.0,Allocated based on forecast demand and priority per rupee
53,ST015,MD015,Budget,16700.0,1.0,1,0.875,5.239520958083832e-05,1,16700.0,Allocated based on forecast demand and priority per rupee
53,ST015,MD012,Entry,9100.0,1.75,1,1.96875,0.00021634615384615385,1,9100.0,Allocated based on forecast demand and priority per rupee
53,ST015,MD002,Keypad,7900.0,1.0,1,0.875,0.00011075949367088607,1,7900.0,Allocated based on forecast demand and priority per rupee
53,ST015,MD003,Keypad,6300.0,1.25,1,1.40625,0.0002232142857142857,1,6300.0,Allocated based on forecast demand and priority per rupee
53,ST015,MD001,Keypad,7600.0,0.5,0,0.4375,5.756578947368421e-05,0,0.0,No forecast demand
53,ST015,MD004,Keypad,8800.0,0.0,0,0.0,0.0,0,0.0,No forecast demand
53,ST015,MD005,Entry,11600.0,0.0,0,0.0,0.0,0,0.0,No forecast demand
53,ST015,MD006,Entry,13100.0,0.75,0,0.65625,5.0095419847328243e-05,0,0.0,No forecast demand
53,ST015,MD007,Entry,14300.0,0.0,0,0.0,0.0,0,0.0,No forecast demand
53,ST015,MD008,Entry,8500.0,0.0,0,0.0,0.0,0,0.0,No forecast demand
53,ST015,MD009,Entry,11500.0,0.0,0,0.0,0.0,0,0.0,No forecast demand
53,ST015,MD011,Entry,12100.0,0.0,0,0.0,0.0,0,0.0,No forecast demand
53,ST015,MD013,Entry,14500.0,0.0,0,0.0,0.0,0,0.0,No forecast demand
53,ST015,MD014,Budget,20600.0,0.25,0,0.21875,1.0618932038834951e-05,0,0.0,No forecast demand
53,ST015,MD018,Budget,15900.0,0.0,0,0.0,0.0,0,0.0,No forecast demand
53,ST015,MD019,Budget,25600.0,0.5,0,0.4375,1.708984375e-05,0,0.0,No forecast demand
53,ST015,MD020,Budget,19500.0,0.0,0,0.0,0.0,0,0.0,No forecast demand
53,ST015,MD022,Budget,21400.0,0.0,0,0.0,0.0,0,0.0,No forecast demand
53,ST015,MD023,Budget,21300.0,0.0,0,0.0,0.0,0,0.0,No forecast demand
53,ST015,MD024,Budget,16600.0,0.5,0,0.4375,2.6355421686746988e-05,0,0.0,No forecast demand
53,ST015,MD025,Budget,16000.0,0.0,0,0.0,0.0,0,0.0,No forecast demand
53,ST015,MD026,Mid-range,31900.0,0.0,0,0.0,0.0,0,0.0,No forecast demand
53,ST015,MD027,Mid-range,46300.0,0.75,0,0.65625,1.4173866090712743e-05,0,0.0,No forecast demand
53,ST015,MD028,Mid-range,36500.0,0.0,0,0.0,0.0,0,0.0,No forecast demand
53,ST015,MD029,Mid-range,31600.0,0.0,0,0.0,0.0,0,0.0,No forecast demand
53,ST015,MD030,Mid-range,27200.0,0.5,0,0.5625,2.068014705882353e-05,0,0.0,No forecast demand
53,ST015,MD031,Mid-range,38400.0,0.0,0,0.0,0.0,0,0.0,No forecast demand
53,ST015,MD032,Mid-range,42200.0,0.25,0,0.21875,5.183649289099526e-06,0,0.0,No forecast demand
53,ST015,MD033,Mid-range,36100.0,0.25,0,0.21875,6.059556786703601e-06,0,0.0,No forecast demand
53,ST015,MD034,Mid-range,44100.0,0.0,0,0.0,0.0,0,0.0,No forecast demand
53,ST015,MD035,Mid-range,32400.0,0.25,0,0.21875,6.751543209876544e-06,0,0.0,No forecast demand
53,ST015,MD036,Mid-range,36400.0,0.0,0,0.0,0.0,0,0.0,No forecast demand
53,ST015,MD037,Mid-range,35400.0,0.25,0,0.21875,6.179378531073446e-06,0,0.0,No forecast demand
53,ST015,MD039,Upper-mid,51000.0,0.25,0,0.21875,4.28921568627451e-06,0,0.0,No forecast demand
53,ST015,MD040,Upper-mid,60000.0,0.0,0,0.0,0.0,0,0.0,No forecast demand
53,ST015,MD041,Upper-mid,69300.0,0.0,0,0.0,0.0,0,0.0,No forecast demand
53,ST015,MD042,Upper-mid,48300.0,0.0,0,0.0,0.0,0,0.0,No forecast demand
53,ST015,MD043,Upper-mid,59500.0,0.5,0,0.4375,7.3529411764705884e-06,0,0.0,No forecast demand
53,ST015,MD045,Upper-mid,52500.0,0.0,0,0.0,0.0,0,0.0,No forecast demand
53,ST015,MD046,Upper-mid,71500.0,0.5,0,0.5625,7.867132867132867e-06,0,0.0,No forecast demand
53,ST015,MD047,Upper-mid,62300.0,0.0,0,0.0,0.0,0,0.0,No forecast demand
53,ST015,MD048,Upper-mid,59900.0,0.0,0,0.0,0.0,0,0.0,No forecast demand
53,ST015,MD049,Premium,70500.0,0.0,0,0.0,0.0,0,0.0,No forecast demand
53,ST015,MD050,Premium,97100.0,0.0,0,0.0,0.0,0,0.0,No forecast demand
53,ST015,MD051,Premium,82400.0,0.0,0,0.0,0.0,0,0.0,No forecast demand
53,ST015,MD052,Premium,96000.0,0.0,0,0.0,0.0,0,0.0,No forecast demand
53,ST015,MD053,Premium,82100.0,0.0,0,0.0,0.0,0,0.0,No forecast demand
53,ST015,MD054,Premium,74400.0,0.0,0,0.0,0.0,0,0.0,No forecast demand
53,ST015,MD055,Premium,75000.0,0.25,0,0.21875,2.9166666666666666e-06,0,0.0,No forecast demand
53,ST015,MD056,Flagship,102800.0,0.0,0,0.0,0.0,0,0.0,No forecast demand
53,ST015,MD057,Flagship,119700.0,0.0,0,0.0,0.0,0,0.0,No forecast demand
53,ST015,MD058,Flagship,150000.0,0.0,0,0.0,0.0,0,0.0,No forecast demand
53,ST015,MD059,Flagship,128600.0,0.0,0,0.0,0.0,0,0.0,No forecast demand
53,ST015,MD060,Flagship,105100.0,0.0,0,0.0,0.0,0,0.0,No forecast demand
53,ST016,MD010,Entry,9800.0,7.5,7,8.4375,0.0008609693877551021,7,68600.0,Allocated based on forecast demand and priority per rupee
53,ST016,MD021,Budget,25200.0,2.75,2,3.09375,0.00012276785714285715,2,50400.0,Allocated based on forecast demand and priority per rupee
53,ST016,MD016,Budget,23300.0,2.5,2,2.8125,0.00012070815450643777,2,46600.0,Allocated based on forecast demand and priority per rupee
53,ST016,MD037,Mid-range,35400.0,1.0,1,1.125,3.177966101694915e-05,1,35400.0,Allocated based on forecast demand and priority per rupee
53,ST016,MD035,Mid-range,32400.0,1.5,1,1.6875,5.208333333333334e-05,1,32400.0,Allocated based on forecast demand and priority per rupee
53,ST016,MD019,Budget,25600.0,1.25,1,1.09375,4.2724609375e-05,1,25600.0,Allocated based on forecast demand and priority per rupee
53,ST016,MD012,Entry,9100.0,2.25,2,2.53125,0.0002781593406593407,2,18200.0,Allocated based on forecast demand and priority per rupee
53,ST016,MD001,Keypad,7600.0,0.0,0,0.0,0.0,0,0.0,No forecast demand
53,ST016,MD002,Keypad,7900.0,0.5,0,0.4375,5.5379746835443036e-05,0,0.0,No forecast demand
53,ST016,MD003,Keypad,6300.0,0.75,0,0.84375,0.00013392857142857144,0,0.0,No forecast demand
53,ST016,MD004,Keypad,8800.0,0.0,0,0.0,0.0,0,0.0,No forecast demand
53,ST016,MD005,Entry,11600.0,0.0,0,0.0,0.0,0,0.0,No forecast demand
53,ST016,MD006,Entry,13100.0,0.5,0,0.4375,3.33969465648855e-05,0,0.0,No forecast demand
53,ST016,MD007,Entry,14300.0,0.0,0,0.0,0.0,0,0.0,No forecast demand
53,ST016,MD008,Entry,8500.0,0.0,0,0.0,0.0,0,0.0,No forecast demand
53,ST016,MD009,Entry,11500.0,0.0,0,0.0,0.0,0,0.0,No forecast demand
53,ST016,MD011,Entry,12100.0,0.0,0,0.0,0.0,0,0.0,No forecast demand
53,ST016,MD013,Entry,14500.0,0.0,0,0.0,0.0,0,0.0,No forecast demand
53,ST016,MD014,Budget,20600.0,0.0,0,0.0,0.0,0,0.0,No forecast demand
53,ST016,MD015,Budget,16700.0,0.25,0,0.21875,1.309880239520958e-05,0,0.0,No forecast demand
53,ST016,MD017,Budget,19500.0,0.0,0,0.0,0.0,0,0.0,No forecast demand
53,ST016,MD018,Budget,15900.0,0.25,0,0.21875,1.3757861635220125e-05,0,0.0,No forecast demand
53,ST016,MD020,Budget,19500.0,0.0,0,0.0,0.0,0,0.0,No forecast demand
53,ST016,MD022,Budget,21400.0,0.0,0,0.0,0.0,0,0.0,No forecast demand
53,ST016,MD023,Budget,21300.0,0.0,0,0.0,0.0,0,0.0,No forecast demand
53,ST016,MD024,Budget,16600.0,0.5,0,0.4375,2.6355421686746988e-05,0,0.0,No forecast demand
53,ST016,MD025,Budget,16000.0,0.0,0,0.0,0.0,0,0.0,No forecast demand
53,ST016,MD026,Mid-range,31900.0,0.0,0,0.0,0.0,0,0.0,No forecast demand
53,ST016,MD027,Mid-range,46300.0,0.25,0,0.21875,4.724622030237581e-06,0,0.0,No forecast demand
53,ST016,MD028,Mid-range,36500.0,0.0,0,0.0,0.0,0,0.0,No forecast demand
53,ST016,MD029,Mid-range,31600.0,0.0,0,0.0,0.0,0,0.0,No forecast demand
53,ST016,MD030,Mid-range,27200.0,0.0,0,0.0,0.0,0,0.0,No forecast demand
53,ST016,MD031,Mid-range,38400.0,0.25,0,0.21875,5.696614583333334e-06,0,0.0,No forecast demand
53,ST016,MD032,Mid-range,42200.0,0.25,0,0.21875,5.183649289099526e-06,0,0.0,No forecast demand
53,ST016,MD033,Mid-range,36100.0,0.0,0,0.0,0.0,0,0.0,No forecast demand
53,ST016,MD034,Mid-range,44100.0,0.0,0,0.0,0.0,0,0.0,No forecast demand
53,ST016,MD036,Mid-range,36400.0,0.0,0,0.0,0.0,0,0.0,No forecast demand
53,ST016,MD038,Mid-range,39900.0,0.5,0,0.5625,1.4097744360902256e-05,0,0.0,No forecast demand
53,ST016,MD039,Upper-mid,51000.0,0.25,0,0.28125,5.5147058823529415e-06,0,0.0,No forecast demand
53,ST016,MD040,Upper-mid,60000.0,0.0,0,0.0,0.0,0,0.0,No forecast demand
53,ST016,MD041,Upper-mid,69300.0,0.0,0,0.0,0.0,0,0.0,No forecast demand
53,ST016,MD042,Upper-mid,48300.0,0.0,0,0.0,0.0,0,0.0,No forecast demand
53,ST016,MD043,Upper-mid,59500.0,0.0,0,0.0,0.0,0,0.0,No forecast demand
53,ST016,MD044,Upper-mid,66900.0,0.25,0,0.28125,4.204035874439462e-06,0,0.0,No forecast demand
53,ST016,MD045,Upper-mid,52500.0,0.0,0,0.0,0.0,0,0.0,No forecast demand
53,ST016,MD046,Upper-mid,71500.0,0.0,0,0.0,0.0,0,0.0,No forecast demand
53,ST016,MD047,Upper-mid,62300.0,0.0,0,0.0,0.0,0,0.0,No forecast demand
53,ST016,MD048,Upper-mid,59900.0,0.25,0,0.21875,3.6519198664440735e-06,0,0.0,No forecast demand
53,ST016,MD049,Premium,70500.0,0.0,0,0.0,0.0,0,0.0,No forecast demand
53,ST016,MD050,Premium,97100.0,0.25,0,0.21875,2.252832131822863e-06,0,0.0,No forecast demand
53,ST016,MD051,Premium,82400.0,0.0,0,0.0,0.0,0,0.0,No forecast demand
53,ST016,MD052,Premium,96000.0,0.25,0,0.21875,2.2786458333333335e-06,0,0.0,No forecast demand
53,ST016,MD053,Premium,82100.0,0.0,0,0.0,0.0,0,0.0,No forecast demand
53,ST016,MD054,Premium,74400.0,0.0,0,0.0,0.0,0,0.0,No forecast demand
53,ST016,MD055,Premium,75000.0,0.0,0,0.0,0.0,0,0.0,No forecast demand
53,ST016,MD056,Flagship,102800.0,0.0,0,0.0,0.0,0,0.0,No forecast demand
53,ST016,MD057,Flagship,119700.0,0.0,0,0.0,0.0,0,0.0,No forecast demand
53,ST016,MD058,Flagship,150000.0,0.0,0,0.0,0.0,0,0.0,No forecast demand
53,ST016,MD059,Flagship,128600.0,0.0,0,0.0,0.0,0,0.0,No forecast demand
53,ST016,MD060,Flagship,105100.0,0.0,0,0.0,0.0,0,0.0,No forecast demand
53,ST017,MD021,Budget,25200.0,5.0,5,5.625,0.0002232142857142857,5,126000.0,Allocated based on forecast demand and priority per rupee
53,ST017,MD012,Entry,9100.0,12.5,12,14.0625,0.0015453296703296703,12,109200.0,Allocated based on forecast demand and priority per rupee
53,ST017,MD050,Premium,97100.0,1.25,1,1.40625,1.448249227600412e-05,1,97100.0,Allocated based on forecast demand and priority per rupee
53,ST017,MD016,Budget,23300.0,3.5,3,3.9375,0.00016899141630901288,3,69900.0,Allocated based on forecast demand and priority per rupee
53,ST017,MD010,Entry,9800.0,6.75,6,7.59375,0.0007748724489795918,6,58800.0,Allocated based on forecast demand and priority per rupee
53,ST017,MD027,Mid-range,46300.0,1.5,1,1.6875,3.644708423326134e-05,1,46300.0,Allocated based on forecast demand and priority per rupee
53,ST017,MD038,Mid-range,39900.0,1.5,1,1.6875,4.2293233082706764e-05,1,39900.0,Allocated based on forecast demand and priority per rupee
53,ST017,MD035,Mid-range,32400.0,1.5,1,1.5073529411764706,4.652323892519971e-05,1,32400.0,Allocated based on forecast demand and priority per rupee
53,ST017,MD024,Budget,16600.0,1.5,1,1.3125,7.906626506024096e-05,1,16600.0,Allocated based on forecast demand and priority per rupee
53,ST017,MD001,Keypad,7600.0,0.25,0,0.21875,2.8782894736842105e-05,0,0.0,No forecast demand
53,ST017,MD002,Keypad,7900.0,0.5,0,0.5555555555555556,7.032348804500703e-05,0,0.0,No forecast demand
53,ST017,MD003,Keypad,6300.0,0.25,0,0.28125,4.464285714285714e-05,0,0.0,No forecast demand
53,ST017,MD004,Keypad,8800.0,0.0,0,0.0,0.0,0,0.0,No forecast demand
53,ST017,MD005,Entry,11600.0,0.25,0,0.21875,1.8857758620689656e-05,0,0.0,No forecast demand
53,ST017,MD006,Entry,13100.0,0.75,0,0.65625,5.0095419847328243e-05,0,0.0,No forecast demand
53,ST017,MD007,Entry,14300.0,0.25,0,0.28125,1.9667832167832168e-05,0,0.0,No forecast demand
53,ST017,MD008,Entry,8500.0,0.0,0,0.0,0.0,0,0.0,No forecast demand
53,ST017,MD009,Entry,11500.0,0.25,0,0.21875,1.902173913043478e-05,0,0.0,No forecast demand
53,ST017,MD011,Entry,12100.0,0.25,0,0.21875,1.8078512396694216e-05,0,0.0,No forecast demand
53,ST017,MD013,Entry,14500.0,0.0,0,0.0,0.0,0,0.0,No forecast demand
53,ST017,MD014,Budget,20600.0,0.25,0,0.2375,1.1529126213592233e-05,0,0.0,No forecast demand
53,ST017,MD015,Budget,16700.0,0.25,0,0.21875,1.309880239520958e-05,0,0.0,No forecast demand
53,ST017,MD017,Budget,19500.0,0.0,0,0.0,0.0,0,0.0,No forecast demand
53,ST017,MD018,Budget,15900.0,0.25,0,0.23327464788732394,1.4671361502347417e-05,0,0.0,No forecast demand
53,ST017,MD019,Budget,25600.0,0.5,0,0.5625,2.197265625e-05,0,0.0,No forecast demand
53,ST017,MD020,Budget,19500.0,0.25,0,0.21875,1.1217948717948719e-05,0,0.0,No forecast demand
53,ST017,MD022,Budget,21400.0,0.0,0,0.0,0.0,0,0.0,No forecast demand
53,ST017,MD023,Budget,21300.0,0.0,0,0.0,0.0,0,0.0,No forecast demand
53,ST017,MD025,Budget,16000.0,0.0,0,0.0,0.0,0,0.0,No forecast demand
53,ST017,MD026,Mid-range,31900.0,0.0,0,0.0,0.0,0,0.0,No forecast demand
53,ST017,MD028,Mid-range,36500.0,0.0,0,0.0,0.0,0,0.0,No forecast demand
53,ST017,MD029,Mid-range,31600.0,0.0,0,0.0,0.0,0,0.0,No forecast demand
53,ST017,MD030,Mid-range,27200.0,0.25,0,0.21875,8.042279411764706e-06,0,0.0,No forecast demand
53,ST017,MD031,Mid-range,38400.0,0.0,0,0.0,0.0,0,0.0,No forecast demand
53,ST017,MD032,Mid-range,42200.0,0.25,0,0.21875,5.183649289099526e-06,0,0.0,No forecast demand
53,ST017,MD033,Mid-range,36100.0,0.0,0,0.0,0.0,0,0.0,No forecast demand
53,ST017,MD034,Mid-range,44100.0,0.0,0,0.0,0.0,0,0.0,No forecast demand
53,ST017,MD036,Mid-range,36400.0,0.0,0,0.0,0.0,0,0.0,No forecast demand
53,ST017,MD037,Mid-range,35400.0,0.0,0,0.0,0.0,0,0.0,No forecast demand
53,ST017,MD039,Upper-mid,51000.0,0.0,0,0.0,0.0,0,0.0,No forecast demand
53,ST017,MD040,Upper-mid,60000.0,0.0,0,0.0,0.0,0,0.0,No forecast demand
53,ST017,MD041,Upper-mid,69300.0,0.0,0,0.0,0.0,0,0.0,No forecast demand
53,ST017,MD042,Upper-mid,48300.0,0.0,0,0.0,0.0,0,0.0,No forecast demand
53,ST017,MD043,Upper-mid,59500.0,0.25,0,0.21875,3.6764705882352942e-06,0,0.0,No forecast demand
53,ST017,MD044,Upper-mid,66900.0,0.5,0,0.5625,8.408071748878924e-06,0,0.0,No forecast demand
53,ST017,MD045,Upper-mid,52500.0,0.0,0,0.0,0.0,0,0.0,No forecast demand
53,ST017,MD046,Upper-mid,71500.0,0.5,0,0.5104166666666666,7.138694638694638e-06,0,0.0,No forecast demand
53,ST017,MD047,Upper-mid,62300.0,0.0,0,0.0,0.0,0,0.0,No forecast demand
53,ST017,MD048,Upper-mid,59900.0,0.25,0,0.21875,3.6519198664440735e-06,0,0.0,No forecast demand
53,ST017,MD049,Premium,70500.0,0.0,0,0.0,0.0,0,0.0,No forecast demand
53,ST017,MD051,Premium,82400.0,0.0,0,0.0,0.0,0,0.0,No forecast demand
53,ST017,MD052,Premium,96000.0,0.25,0,0.21875,2.2786458333333335e-06,0,0.0,No forecast demand
53,ST017,MD053,Premium,82100.0,0.0,0,0.0,0.0,0,0.0,No forecast demand
53,ST017,MD054,Premium,74400.0,0.0,0,0.0,0.0,0,0.0,No forecast demand
53,ST017,MD055,Premium,75000.0,0.25,0,0.21875,2.9166666666666666e-06,0,0.0,No forecast demand
53,ST017,MD056,Flagship,102800.0,0.0,0,0.0,0.0,0,0.0,No forecast demand
53,ST017,MD057,Flagship,119700.0,0.0,0,0.0,0.0,0,0.0,No forecast demand
53,ST017,MD058,Flagship,150000.0,0.0,0,0.0,0.0,0,0.0,No forecast demand
53,ST017,MD059,Flagship,128600.0,0.0,0,0.0,0.0,0,0.0,No forecast demand
53,ST017,MD060,Flagship,105100.0,0.0,0,0.0,0.0,0,0.0,No forecast demand
53,ST018,MD021,Budget,25200.0,8.5,8,9.5625,0.0003794642857142857,8,201600.0,Allocated based on forecast demand and priority per rupee
53,ST018,MD016,Budget,23300.0,5.5,5,6.1875,0.0002655579399141631,5,116500.0,Allocated based on forecast demand and priority per rupee
53,ST018,MD010,Entry,9800.0,11.25,11,12.65625,0.0012914540816326532,11,107800.0,Allocated based on forecast demand and priority per rupee
53,ST018,MD052,Premium,96000.0,1.5,1,1.6875,1.7578125e-05,1,96000.0,Allocated based on forecast demand and priority per rupee
53,ST018,MD027,Mid-range,46300.0,2.25,2,2.53125,5.4670626349892006e-05,2,92600.0,Allocated based on forecast demand and priority per rupee
53,ST018,MD044,Upper-mid,66900.0,1.25,1,1.40625,2.102017937219731e-05,1,66900.0,Allocated based on forecast demand and priority per rupee
53,ST018,MD038,Mid-range,39900.0,1.5,1,1.3125,3.289473684210526e-05,1,39900.0,Allocated based on forecast demand and priority per rupee
53,ST018,MD024,Budget,16600.0,2.75,2,2.47224212034384,0.00014893024821348432,2,33200.0,Allocated based on forecast demand and priority per rupee
53,ST018,MD035,Mid-range,32400.0,1.25,1,1.09375,3.375771604938271e-05,1,32400.0,Allocated based on forecast demand and priority per rupee
53,ST018,MD012,Entry,9100.0,3.0,3,3.375,0.0003708791208791209,3,27300.0,Allocated based on forecast demand and priority per rupee
53,ST018,MD019,Budget,25600.0,1.0,1,0.875,3.41796875e-05,1,25600.0,Allocated based on forecast demand and priority per rupee
53,ST018,MD001,Keypad,7600.0,0.0,0,0.0,0.0,0,0.0,No forecast demand
53,ST018,MD002,Keypad,7900.0,0.5,0,0.4375,5.5379746835443036e-05,0,0.0,No forecast demand
53,ST018,MD003,Keypad,6300.0,0.25,0,0.21875,3.472222222222222e-05,0,0.0,No forecast demand
53,ST018,MD004,Keypad,8800.0,0.0,0,0.0,0.0,0,0.0,No forecast demand
53,ST018,MD005,Entry,11600.0,0.25,0,0.21875,1.8857758620689656e-05,0,0.0,No forecast demand
53,ST018,MD006,Entry,13100.0,0.5,0,0.4375,3.33969465648855e-05,0,0.0,No forecast demand
53,ST018,MD007,Entry,14300.0,0.25,0,0.28125,1.9667832167832168e-05,0,0.0,No forecast demand
53,ST018,MD008,Entry,8500.0,0.0,0,0.0,0.0,0,0.0,No forecast demand
53,ST018,MD009,Entry,11500.0,0.75,0,0.65625,5.706521739130435e-05,0,0.0,No forecast demand
53,ST018,MD011,Entry,12100.0,0.0,0,0.0,0.0,0,0.0,No forecast demand
53,ST018,MD013,Entry,14500.0,0.0,0,0.0,0.0,0,0.0,No forecast demand
53,ST018,MD014,Budget,20600.0,0.0,0,0.0,0.0,0,0.0,No forecast demand
53,ST018,MD015,Budget,16700.0,0.0,0,0.0,0.0,0,0.0,No forecast demand
53,ST018,MD017,Budget,19500.0,0.0,0,0.0,0.0,0,0.0,No forecast demand
53,ST018,MD018,Budget,15900.0,0.25,0,0.21875,1.3757861635220125e-05,0,0.0,No forecast demand
53,ST018,MD020,Budget,19500.0,0.25,0,0.21875,1.1217948717948719e-05,0,0.0,No forecast demand
53,ST018,MD022,Budget,21400.0,0.0,0,0.0,0.0,0,0.0,No forecast demand
53,ST018,MD023,Budget,21300.0,0.25,0,0.21875,1.0269953051643192e-05,0,0.0,No forecast demand
53,ST018,MD025,Budget,16000.0,0.0,0,0.0,0.0,0,0.0,No forecast demand
53,ST018,MD026,Mid-range,31900.0,0.25,0,0.21875,6.8573667711598745e-06,0,0.0,No forecast demand
53,ST018,MD028,Mid-range,36500.0,0.0,0,0.0,0.0,0,0.0,No forecast demand
53,ST018,MD029,Mid-range,31600.0,0.0,0,0.0,0.0,0,0.0,No forecast demand
53,ST018,MD030,Mid-range,27200.0,0.5,0,0.4375,1.6084558823529413e-05,0,0.0,No forecast demand
53,ST018,MD031,Mid-range,38400.0,0.0,0,0.0,0.0,0,0.0,No forecast demand
53,ST018,MD032,Mid-range,42200.0,0.0,0,0.0,0.0,0,0.0,No forecast demand
53,ST018,MD033,Mid-range,36100.0,0.0,0,0.0,0.0,0,0.0,No forecast demand
53,ST018,MD034,Mid-range,44100.0,0.0,0,0.0,0.0,0,0.0,No forecast demand
53,ST018,MD036,Mid-range,36400.0,0.0,0,0.0,0.0,0,0.0,No forecast demand
53,ST018,MD037,Mid-range,35400.0,0.25,0,0.21875,6.179378531073446e-06,0,0.0,No forecast demand
53,ST018,MD039,Upper-mid,51000.0,0.25,0,0.21875,4.28921568627451e-06,0,0.0,No forecast demand
53,ST018,MD040,Upper-mid,60000.0,0.0,0,0.0,0.0,0,0.0,No forecast demand
53,ST018,MD041,Upper-mid,69300.0,0.0,0,0.0,0.0,0,0.0,No forecast demand
53,ST018,MD042,Upper-mid,48300.0,0.0,0,0.0,0.0,0,0.0,No forecast demand
53,ST018,MD043,Upper-mid,59500.0,0.5,0,0.4375,7.3529411764705884e-06,0,0.0,No forecast demand
53,ST018,MD045,Upper-mid,52500.0,0.5,0,0.5261627906976745,1.0022148394241419e-05,0,0.0,No forecast demand
53,ST018,MD046,Upper-mid,71500.0,0.0,0,0.0,0.0,0,0.0,No forecast demand
53,ST018,MD047,Upper-mid,62300.0,0.0,0,0.0,0.0,0,0.0,No forecast demand
53,ST018,MD048,Upper-mid,59900.0,0.75,0,0.65625,1.095575959933222e-05,0,0.0,No forecast demand
53,ST018,MD049,Premium,70500.0,0.0,0,0.0,0.0,0,0.0,No forecast demand
53,ST018,MD050,Premium,97100.0,0.25,0,0.21875,2.252832131822863e-06,0,0.0,No forecast demand
53,ST018,MD051,Premium,82400.0,0.25,0,0.21875,2.654733009708738e-06,0,0.0,No forecast demand
53,ST018,MD053,Premium,82100.0,0.0,0,0.0,0.0,0,0.0,No forecast demand
53,ST018,MD054,Premium,74400.0,0.0,0,0.0,0.0,0,0.0,No forecast demand
53,ST018,MD055,Premium,75000.0,0.75,0,0.65625,8.75e-06,0,0.0,No forecast demand
53,ST018,MD056,Flagship,102800.0,0.0,0,0.0,0.0,0,0.0,No forecast demand
53,ST018,MD057,Flagship,119700.0,0.0,0,0.0,0.0,0,0.0,No forecast demand
53,ST018,MD058,Flagship,150000.0,0.25,0,0.21875,1.4583333333333333e-06,0,0.0,No forecast demand
53,ST018,MD059,Flagship,128600.0,0.0,0,0.0,0.0,0,0.0,No forecast demand
53,ST018,MD060,Flagship,105100.0,0.0,0,0.0,0.0,0,0.0,No forecast demand
53,ST019,MD016,Budget,23300.0,3.5,3,3.9375,0.00016899141630901288,3,69900.0,Allocated based on forecast demand and priority per rupee
53,ST019,MD021,Budget,25200.0,2.0,2,2.25,8.928571428571429e-05,2,50400.0,Allocated based on forecast demand and priority per rupee
53,ST019,MD027,Mid-range,46300.0,1.25,1,1.09375,2.3623110151187905e-05,1,46300.0,Allocated based on forecast demand and priority per rupee
53,ST019,MD038,Mid-range,39900.0,1.75,1,1.96875,4.9342105263157894e-05,1,39900.0,Allocated based on forecast demand and priority per rupee
53,ST019,MD035,Mid-range,32400.0,1.75,1,1.7337962962962963,5.351223136716964e-05,1,32400.0,Allocated based on forecast demand and priority per rupee
53,ST019,MD010,Entry,9800.0,3.5,3,3.683139534883721,0.00037583056478405314,3,29400.0,Allocated based on forecast demand and priority per rupee
53,ST019,MD019,Budget,25600.0,1.75,1,1.53125,5.9814453125e-05,1,25600.0,Allocated based on forecast demand and priority per rupee
53,ST019,MD017,Budget,19500.0,1.25,1,1.09375,5.608974358974359e-05,1,19500.0,Allocated based on forecast demand and priority per rupee
53,ST019,MD024,Budget,16600.0,1.75,1,1.589939024390244,9.577945930061712e-05,1,16600.0,Allocated based on forecast demand and priority per rupee
53,ST019,MD012,Entry,9100.0,1.5,1,1.6875,0.00018543956043956045,1,9100.0,Allocated based on forecast demand and priority per rupee
53,ST019,MD001,Keypad,7600.0,0.0,0,0.0,0.0,0,0.0,No forecast demand
53,ST019,MD002,Keypad,7900.0,0.75,0,0.65625,8.306962025316456e-05,0,0.0,No forecast demand
53,ST019,MD003,Keypad,6300.0,0.25,0,0.28125,4.464285714285714e-05,0,0.0,No forecast demand
53,ST019,MD004,Keypad,8800.0,0.0,0,0.0,0.0,0,0.0,No forecast demand
53,ST019,MD005,Entry,11600.0,0.0,0,0.0,0.0,0,0.0,No forecast demand
53,ST019,MD006,Entry,13100.0,0.75,0,0.65625,5.0095419847328243e-05,0,0.0,No forecast demand
53,ST019,MD007,Entry,14300.0,0.0,0,0.0,0.0,0,0.0,No forecast demand
53,ST019,MD008,Entry,8500.0,0.25,0,0.28125,3.3088235294117644e-05,0,0.0,No forecast demand
53,ST019,MD009,Entry,11500.0,0.25,0,0.21875,1.902173913043478e-05,0,0.0,No forecast demand
53,ST019,MD011,Entry,12100.0,0.0,0,0.0,0.0,0,0.0,No forecast demand
53,ST019,MD013,Entry,14500.0,0.0,0,0.0,0.0,0,0.0,No forecast demand
53,ST019,MD014,Budget,20600.0,0.0,0,0.0,0.0,0,0.0,No forecast demand
53,ST019,MD015,Budget,16700.0,0.0,0,0.0,0.0,0,0.0,No forecast demand
53,ST019,MD018,Budget,15900.0,0.0,0,0.0,0.0,0,0.0,No forecast demand
53,ST019,MD020,Budget,19500.0,0.0,0,0.0,0.0,0,0.0,No forecast demand
53,ST019,MD022,Budget,21400.0,0.0,0,0.0,0.0,0,0.0,No forecast demand
53,ST019,MD023,Budget,21300.0,0.25,0,0.21875,1.0269953051643192e-05,0,0.0,No forecast demand
53,ST019,MD025,Budget,16000.0,0.0,0,0.0,0.0,0,0.0,No forecast demand
53,ST019,MD026,Mid-range,31900.0,0.0,0,0.0,0.0,0,0.0,No forecast demand
53,ST019,MD028,Mid-range,36500.0,0.0,0,0.0,0.0,0,0.0,No forecast demand
53,ST019,MD029,Mid-range,31600.0,0.0,0,0.0,0.0,0,0.0,No forecast demand
53,ST019,MD030,Mid-range,27200.0,0.5,0,0.4375,1.6084558823529413e-05,0,0.0,No forecast demand
53,ST019,MD031,Mid-range,38400.0,0.0,0,0.0,0.0,0,0.0,No forecast demand
53,ST019,MD032,Mid-range,42200.0,0.75,0,0.84375,1.9994075829383885e-05,0,0.0,No forecast demand
53,ST019,MD033,Mid-range,36100.0,0.0,0,0.0,0.0,0,0.0,No forecast demand
53,ST019,MD034,Mid-range,44100.0,0.0,0,0.0,0.0,0,0.0,No forecast demand
53,ST019,MD036,Mid-range,36400.0,0.0,0,0.0,0.0,0,0.0,No forecast demand
53,ST019,MD037,Mid-range,35400.0,0.25,0,0.21875,6.179378531073446e-06,0,0.0,No forecast demand
53,ST019,MD039,Upper-mid,51000.0,0.75,0,0.65625,1.286764705882353e-05,0,0.0,No forecast demand
53,ST019,MD040,Upper-mid,60000.0,0.0,0,0.0,0.0,0,0.0,No forecast demand
53,ST019,MD041,Upper-mid,69300.0,0.0,0,0.0,0.0,0,0.0,No forecast demand
53,ST019,MD042,Upper-mid,48300.0,0.0,0,0.0,0.0,0,0.0,No forecast demand
53,ST019,MD043,Upper-mid,59500.0,0.0,0,0.0,0.0,0,0.0,No forecast demand
53,ST019,MD044,Upper-mid,66900.0,0.25,0,0.21875,3.2698056801195814e-06,0,0.0,No forecast demand
53,ST019,MD045,Upper-mid,52500.0,0.0,0,0.0,0.0,0,0.0,No forecast demand
53,ST019,MD046,Upper-mid,71500.0,0.0,0,0.0,0.0,0,0.0,No forecast demand
53,ST019,MD047,Upper-mid,62300.0,0.0,0,0.0,0.0,0,0.0,No forecast demand
53,ST019,MD048,Upper-mid,59900.0,0.0,0,0.0,0.0,0,0.0,No forecast demand
53,ST019,MD049,Premium,70500.0,0.0,0,0.0,0.0,0,0.0,No forecast demand
53,ST019,MD050,Premium,97100.0,0.5,0,0.4375,4.505664263645726e-06,0,0.0,No forecast demand
53,ST019,MD051,Premium,82400.0,0.0,0,0.0,0.0,0,0.0,No forecast demand
53,ST019,MD052,Premium,96000.0,0.0,0,0.0,0.0,0,0.0,No forecast demand
53,ST019,MD053,Premium,82100.0,0.0,0,0.0,0.0,0,0.0,No forecast demand
53,ST019,MD054,Premium,74400.0,0.0,0,0.0,0.0,0,0.0,No forecast demand
53,ST019,MD055,Premium,75000.0,0.25,0,0.21875,2.9166666666666666e-06,0,0.0,No forecast demand
53,ST019,MD056,Flagship,102800.0,0.0,0,0.0,0.0,0,0.0,No forecast demand
53,ST019,MD057,Flagship,119700.0,0.25,0,0.2597222222222222,2.16977629258331e-06,0,0.0,No forecast demand
53,ST019,MD058,Flagship,150000.0,0.0,0,0.0,0.0,0,0.0,No forecast demand
53,ST019,MD059,Flagship,128600.0,0.0,0,0.0,0.0,0,0.0,No forecast demand
53,ST019,MD060,Flagship,105100.0,0.0,0,0.0,0.0,0,0.0,No forecast demand
53,ST020,MD016,Budget,23300.0,3.0,3,3.375,0.00014484978540772533,3,69900.0,Allocated based on forecast demand and priority per rupee
53,ST020,MD021,Budget,25200.0,2.0,2,2.25,8.928571428571429e-05,2,50400.0,Allocated based on forecast demand and priority per rupee
53,ST020,MD012,Entry,9100.0,5.25,5,5.90625,0.0006490384615384615,5,45500.0,Allocated based on forecast demand and priority per rupee
53,ST020,MD010,Entry,9800.0,4.75,4,5.34375,0.000545280612244898,4,39200.0,Allocated based on forecast demand and priority per rupee
53,ST020,MD017,Budget,19500.0,1.25,1,1.09375,5.608974358974359e-05,1,19500.0,Allocated based on forecast demand and priority per rupee
53,ST020,MD024,Budget,16600.0,1.0,1,0.9563492063492064,5.761139797284376e-05,1,16600.0,Allocated based on forecast demand and priority per rupee
53,ST020,MD003,Keypad,6300.0,1.5,1,1.6875,0.00026785714285714287,1,6300.0,Allocated based on forecast demand and priority per rupee
53,ST020,MD001,Keypad,7600.0,0.0,0,0.0,0.0,0,0.0,No forecast demand
53,ST020,MD002,Keypad,7900.0,0.5,0,0.4375,5.5379746835443036e-05,0,0.0,No forecast demand
53,ST020,MD004,Keypad,8800.0,0.0,0,0.0,0.0,0,0.0,No forecast demand
53,ST020,MD005,Entry,11600.0,0.0,0,0.0,0.0,0,0.0,No forecast demand
53,ST020,MD006,Entry,13100.0,0.5,0,0.4375,3.33969465648855e-05,0,0.0,No forecast demand
53,ST020,MD007,Entry,14300.0,0.0,0,0.0,0.0,0,0.0,No forecast demand
53,ST020,MD008,Entry,8500.0,0.0,0,0.0,0.0,0,0.0,No forecast demand
53,ST020,MD009,Entry,11500.0,0.5,0,0.4375,3.804347826086956e-05,0,0.0,No forecast demand
53,ST020,MD011,Entry,12100.0,0.25,0,0.21875,1.8078512396694216e-05,0,0.0,No forecast demand
53,ST020,MD013,Entry,14500.0,0.0,0,0.0,0.0,0,0.0,No forecast demand
53,ST020,MD014,Budget,20600.0,0.0,0,0.0,0.0,0,0.0,No forecast demand
53,ST020,MD015,Budget,16700.0,0.25,0,0.21875,1.309880239520958e-05,0,0.0,No forecast demand
53,ST020,MD018,Budget,15900.0,0.0,0,0.0,0.0,0,0.0,No forecast demand
53,ST020,MD019,Budget,25600.0,0.75,0,0.65625,2.5634765625e-05,0,0.0,No forecast demand
53,ST020,MD020,Budget,19500.0,0.75,0,0.65625,3.365384615384615e-05,0,0.0,No forecast demand
53,ST020,MD022,Budget,21400.0,0.0,0,0.0,0.0,0,0.0,No forecast demand
53,ST020,MD023,Budget,21300.0,0.0,0,0.0,0.0,0,0.0,No forecast demand
53,ST020,MD025,Budget,16000.0,0.0,0,0.0,0.0,0,0.0,No forecast demand
53,ST020,MD026,Mid-range,31900.0,0.0,0,0.0,0.0,0,0.0,No forecast demand
53,ST020,MD027,Mid-range,46300.0,0.5,0,0.4375,9.449244060475162e-06,0,0.0,No forecast demand
53,ST020,MD028,Mid-range,36500.0,0.0,0,0.0,0.0,0,0.0,No forecast demand
53,ST020,MD029,Mid-range,31600.0,0.0,0,0.0,0.0,0,0.0,No forecast demand
53,ST020,MD030,Mid-range,27200.0,0.0,0,0.0,0.0,0,0.0,No forecast demand
53,ST020,MD031,Mid-range,38400.0,0.0,0,0.0,0.0,0,0.0,No forecast demand
53,ST020,MD032,Mid-range,42200.0,0.25,0,0.21875,5.183649289099526e-06,0,0.0,No forecast demand
53,ST020,MD033,Mid-range,36100.0,0.0,0,0.0,0.0,0,0.0,No forecast demand
53,ST020,MD034,Mid-range,44100.0,0.0,0,0.0,0.0,0,0.0,No forecast demand
53,ST020,MD035,Mid-range,32400.0,0.5,0,0.5625,1.736111111111111e-05,0,0.0,No forecast demand
53,ST020,MD036,Mid-range,36400.0,0.0,0,0.0,0.0,0,0.0,No forecast demand
53,ST020,MD037,Mid-range,35400.0,0.25,0,0.21875,6.179378531073446e-06,0,0.0,No forecast demand
53,ST020,MD038,Mid-range,39900.0,0.25,0,0.21875,5.482456140350877e-06,0,0.0,No forecast demand
53,ST020,MD039,Upper-mid,51000.0,0.25,0,0.21875,4.28921568627451e-06,0,0.0,No forecast demand
53,ST020,MD040,Upper-mid,60000.0,0.0,0,0.0,0.0,0,0.0,No forecast demand
53,ST020,MD041,Upper-mid,69300.0,0.0,0,0.0,0.0,0,0.0,No forecast demand
53,ST020,MD042,Upper-mid,48300.0,0.0,0,0.0,0.0,0,0.0,No forecast demand
53,ST020,MD043,Upper-mid,59500.0,0.25,0,0.21875,3.6764705882352942e-06,0,0.0,No forecast demand
53,ST020,MD044,Upper-mid,66900.0,0.25,0,0.28125,4.204035874439462e-06,0,0.0,No forecast demand
53,ST020,MD045,Upper-mid,52500.0,0.0,0,0.0,0.0,0,0.0,No forecast demand
53,ST020,MD046,Upper-mid,71500.0,0.0,0,0.0,0.0,0,0.0,No forecast demand
53,ST020,MD047,Upper-mid,62300.0,0.0,0,0.0,0.0,0,0.0,No forecast demand
53,ST020,MD048,Upper-mid,59900.0,0.25,0,0.21875,3.6519198664440735e-06,0,0.0,No forecast demand
53,ST020,MD049,Premium,70500.0,0.0,0,0.0,0.0,0,0.0,No forecast demand
53,ST020,MD050,Premium,97100.0,0.0,0,0.0,0.0,0,0.0,No forecast demand
53,ST020,MD051,Premium,82400.0,0.0,0,0.0,0.0,0,0.0,No forecast demand
53,ST020,MD052,Premium,96000.0,0.0,0,0.0,0.0,0,0.0,No forecast demand
53,ST020,MD053,Premium,82100.0,0.0,0,0.0,0.0,0,0.0,No forecast demand
53,ST020,MD054,Premium,74400.0,0.0,0,0.0,0.0,0,0.0,No forecast demand
53,ST020,MD055,Premium,75000.0,0.0,0,0.0,0.0,0,0.0,No forecast demand
53,ST020,MD056,Flagship,102800.0,0.0,0,0.0,0.0,0,0.0,No forecast demand
53,ST020,MD057,Flagship,119700.0,0.0,0,0.0,0.0,0,0.0,No forecast demand
53,ST020,MD058,Flagship,150000.0,0.0,0,0.0,0.0,0,0.0,No forecast demand
53,ST020,MD059,Flagship,128600.0,0.0,0,0.0,0.0,0,0.0,No forecast demand
53,ST020,MD060,Flagship,105100.0,0.0,0,0.0,0.0,0,0.0,No forecast demand
53,ST021,MD021,Budget,25200.0,3.75,3,4.21875,0.0001674107142857143,3,75600.0,Allocated based on forecast demand and priority per rupee
53,ST021,MD012,Entry,9100.0,8.25,8,9.28125,0.0010199175824175824,8,72800.0,Allocated based on forecast demand and priority per rupee
53,ST021,MD016,Budget,23300.0,3.0,3,3.375,0.00014484978540772533,3,69900.0,Allocated based on forecast demand and priority per rupee
53,ST021,MD027,Mid-range,46300.0,1.25,1,1.40625,3.037257019438445e-05,1,46300.0,Allocated based on forecast demand and priority per rupee
53,ST021,MD038,Mid-range,39900.0,1.0,1,1.125,2.819548872180451e-05,1,39900.0,Allocated based on forecast demand and priority per rupee
53,ST021,MD010,Entry,9800.0,4.25,4,4.78125,0.0004878826530612245,4,39200.0,Allocated based on forecast demand and priority per rupee
53,ST021,MD019,Budget,25600.0,1.5,1,1.6875,6.591796875e-05,1,25600.0,Allocated based on forecast demand and priority per rupee
53,ST021,MD024,Budget,16600.0,1.0,1,0.875,5.2710843373493975e-05,1,16600.0,Allocated based on forecast demand and priority per rupee
53,ST021,MD001,Keypad,7600.0,0.5,0,0.4375,5.756578947368421e-05,0,0.0,No forecast demand
53,ST021,MD002,Keypad,7900.0,0.75,0,0.65625,8.306962025316456e-05,0,0.0,No forecast demand
53,ST021,MD003,Keypad,6300.0,0.5,0,0.5625,8.928571428571429e-05,0,0.0,No forecast demand
53,ST021,MD004,Keypad,8800.0,0.0,0,0.0,0.0,0,0.0,No forecast demand
53,ST021,MD005,Entry,11600.0,0.25,0,0.21875,1.8857758620689656e-05,0,0.0,No forecast demand
53,ST021,MD006,Entry,13100.0,0.25,0,0.21875,1.669847328244275e-05,0,0.0,No forecast demand
53,ST021,MD007,Entry,14300.0,0.75,0,0.84375,5.9003496503496503e-05,0,0.0,No forecast demand
53,ST021,MD008,Entry,8500.0,0.0,0,0.0,0.0,0,0.0,No forecast demand
53,ST021,MD009,Entry,11500.0,0.0,0,0.0,0.0,0,0.0,No forecast demand
53,ST021,MD011,Entry,12100.0,0.0,0,0.0,0.0,0,0.0,No forecast demand
53,ST021,MD013,Entry,14500.0,0.0,0,0.0,0.0,0,0.0,No forecast demand
53,ST021,MD014,Budget,20600.0,0.25,0,0.21875,1.0618932038834951e-05,0,0.0,No forecast demand
53,ST021,MD015,Budget,16700.0,0.0,0,0.0,0.0,0,0.0,No forecast demand
53,ST021,MD017,Budget,19500.0,0.0,0,0.0,0.0,0,0.0,No forecast demand
53,ST021,MD018,Budget,15900.0,0.0,0,0.0,0.0,0,0.0,No forecast demand
53,ST021,MD020,Budget,19500.0,0.75,0,0.65625,3.365384615384615e-05,0,0.0,No forecast demand
53,ST021,MD022,Budget,21400.0,0.0,0,0.0,0.0,0,0.0,No forecast demand
53,ST021,MD023,Budget,21300.0,0.0,0,0.0,0.0,0,0.0,No forecast demand
53,ST021,MD025,Budget,16000.0,0.0,0,0.0,0.0,0,0.0,No forecast demand
53,ST021,MD026,Mid-range,31900.0,0.0,0,0.0,0.0,0,0.0,No forecast demand
53,ST021,MD028,Mid-range,36500.0,0.0,0,0.0,0.0,0,0.0,No forecast demand
53,ST021,MD029,Mid-range,31600.0,0.0,0,0.0,0.0,0,0.0,No forecast demand
53,ST021,MD030,Mid-range,27200.0,0.0,0,0.0,0.0,0,0.0,No forecast demand
53,ST021,MD031,Mid-range,38400.0,0.0,0,0.0,0.0,0,0.0,No forecast demand
53,ST021,MD032,Mid-range,42200.0,0.5,0,0.4375,1.0367298578199051e-05,0,0.0,No forecast demand
53,ST021,MD033,Mid-range,36100.0,0.0,0,0.0,0.0,0,0.0,No forecast demand
53,ST021,MD034,Mid-range,44100.0,0.0,0,0.0,0.0,0,0.0,No forecast demand
53,ST021,MD035,Mid-range,32400.0,0.0,0,0.0,0.0,0,0.0,No forecast demand
53,ST021,MD036,Mid-range,36400.0,0.0,0,0.0,0.0,0,0.0,No forecast demand
53,ST021,MD037,Mid-range,35400.0,0.5,0,0.4375,1.2358757062146892e-05,0,0.0,No forecast demand
53,ST021,MD039,Upper-mid,51000.0,0.0,0,0.0,0.0,0,0.0,No forecast demand
53,ST021,MD040,Upper-mid,60000.0,0.0,0,0.0,0.0,0,0.0,No forecast demand
53,ST021,MD041,Upper-mid,69300.0,0.0,0,0.0,0.0,0,0.0,No forecast demand
53,ST021,MD042,Upper-mid,48300.0,0.25,0,0.28125,5.8229813664596275e-06,0,0.0,No forecast demand
53,ST021,MD043,Upper-mid,59500.0,0.5,0,0.4375,7.3529411764705884e-06,0,0.0,No forecast demand
53,ST021,MD044,Upper-mid,66900.0,0.0,0,0.0,0.0,0,0.0,No forecast demand
53,ST021,MD045,Upper-mid,52500.0,0.0,0,0.0,0.0,0,0.0,No forecast demand
53,ST021,MD046,Upper-mid,71500.0,0.25,0,0.21875,3.0594405594405594e-06,0,0.0,No forecast demand
53,ST021,MD047,Upper-mid,62300.0,0.0,0,0.0,0.0,0,0.0,No forecast demand
53,ST021,MD048,Upper-mid,59900.0,0.5,0,0.5625,9.390651085141903e-06,0,0.0,No forecast demand
53,ST021,MD049,Premium,70500.0,0.0,0,0.0,0.0,0,0.0,No forecast demand
53,ST021,MD050,Premium,97100.0,0.0,0,0.0,0.0,0,0.0,No forecast demand
53,ST021,MD051,Premium,82400.0,0.0,0,0.0,0.0,0,0.0,No forecast demand
53,ST021,MD052,Premium,96000.0,0.0,0,0.0,0.0,0,0.0,No forecast demand
53,ST021,MD053,Premium,82100.0,0.0,0,0.0,0.0,0,0.0,No forecast demand
53,ST021,MD054,Premium,74400.0,0.0,0,0.0,0.0,0,0.0,No forecast demand
53,ST021,MD055,Premium,75000.0,0.0,0,0.0,0.0,0,0.0,No forecast demand
53,ST021,MD056,Flagship,102800.0,0.0,0,0.0,0.0,0,0.0,No forecast demand
53,ST021,MD057,Flagship,119700.0,0.0,0,0.0,0.0,0,0.0,No forecast demand
53,ST021,MD058,Flagship,150000.0,0.0,0,0.0,0.0,0,0.0,No forecast demand
53,ST021,MD059,Flagship,128600.0,0.0,0,0.0,0.0,0,0.0,No forecast demand
53,ST021,MD060,Flagship,105100.0,0.0,0,0.0,0.0,0,0.0,No forecast demand
53,ST022,MD021,Budget,25200.0,6.25,6,7.03125,0.00027901785714285713,6,151200.0,Allocated based on forecast demand and priority per rupee
53,ST022,MD016,Budget,23300.0,5.75,5,6.46875,0.00027762875536480687,5,116500.0,Allocated based on forecast demand and priority per rupee
53,ST022,MD012,Entry,9100.0,7.5,7,8.4375,0.0009271978021978022,7,63700.0,Allocated based on forecast demand and priority per rupee
53,ST022,MD039,Upper-mid,51000.0,1.0,1,0.875,1.715686274509804e-05,1,51000.0,Allocated based on forecast demand and priority per rupee
53,ST022,MD027,Mid-range,46300.0,1.0,1,0.875,1.8898488120950324e-05,1,46300.0,Allocated based on forecast demand and priority per rupee
53,ST022,MD038,Mid-range,39900.0,1.0,1,0.875,2.1929824561403507e-05,1,39900.0,Allocated based on forecast demand and priority per rupee
53,ST022,MD006,Entry,13100.0,3.0,3,2.625,0.00020038167938931297,3,39300.0,Allocated based on forecast demand and priority per rupee
53,ST022,MD010,Entry,9800.0,3.0,3,3.375,0.0003443877551020408,3,29400.0,Allocated based on forecast demand and priority per rupee
53,ST022,MD002,Keypad,7900.0,3.0,3,2.625,0.00033227848101265823,3,23700.0,Allocated based on forecast demand and priority per rupee
53,ST022,MD003,Keypad,6300.0,2.0,2,2.25,0.00035714285714285714,2,12600.0,Allocated based on forecast demand and priority per rupee
53,ST022,MD001,Keypad,7600.0,1.0,1,0.875,0.00011513157894736842,1,7600.0,Allocated based on forecast demand and priority per rupee
53,ST022,MD004,Keypad,8800.0,0.0,0,0.0,0.0,0,0.0,No forecast demand
53,ST022,MD005,Entry,11600.0,0.0,0,0.0,0.0,0,0.0,No forecast demand
53,ST022,MD007,Entry,14300.0,0.25,0,0.28125,1.9667832167832168e-05,0,0.0,No forecast demand
53,ST022,MD008,Entry,8500.0,0.0,0,0.0,0.0,0,0.0,No forecast demand
53,ST022,MD009,Entry,11500.0,0.0,0,0.0,0.0,0,0.0,No forecast demand
53,ST022,MD011,Entry,12100.0,0.5,0,0.4375,3.615702479338843e-05,0,0.0,No forecast demand
53,ST022,MD013,Entry,14500.0,0.0,0,0.0,0.0,0,0.0,No forecast demand
53,ST022,MD014,Budget,20600.0,0.0,0,0.0,0.0,0,0.0,No forecast demand
53,ST022,MD015,Budget,16700.0,0.0,0,0.0,0.0,0,0.0,No forecast demand
53,ST022,MD017,Budget,19500.0,0.5,0,0.4375,2.2435897435897437e-05,0,0.0,No forecast demand
53,ST022,MD018,Budget,15900.0,0.25,0,0.21875,1.3757861635220125e-05,0,0.0,No forecast demand
53,ST022,MD019,Budget,25600.0,0.75,0,0.7430555555555556,2.902560763888889e-05,0,0.0,No forecast demand
53,ST022,MD020,Budget,19500.0,0.5,0,0.4375,2.2435897435897437e-05,0,0.0,No forecast demand
53,ST022,MD022,Budget,21400.0,0.0,0,0.0,0.0,0,0.0,No forecast demand
53,ST022,MD023,Budget,21300.0,0.25,0,0.21875,1.0269953051643192e-05,0,0.0,No forecast demand
53,ST022,MD024,Budget,16600.0,0.5,0,0.44886363636363635,2.703997809419496e-05,0,0.0,No forecast demand
53,ST022,MD025,Budget,16000.0,0.0,0,0.0,0.0,0,0.0,No forecast demand
53,ST022,MD026,Mid-range,31900.0,0.0,0,0.0,0.0,0,0.0,No forecast demand
53,ST022,MD028,Mid-range,36500.0,0.0,0,0.0,0.0,0,0.0,No forecast demand
53,ST022,MD029,Mid-range,31600.0,0.0,0,0.0,0.0,0,0.0,No forecast demand
53,ST022,MD030,Mid-range,27200.0,0.5,0,0.4375,1.6084558823529413e-05,0,0.0,No forecast demand
53,ST022,MD031,Mid-range,38400.0,0.0,0,0.0,0.0,0,0.0,No forecast demand
53,ST022,MD032,Mid-range,42200.0,0.25,0,0.21875,5.183649289099526e-06,0,0.0,No forecast demand
53,ST022,MD033,Mid-range,36100.0,0.25,0,0.28125,7.790858725761773e-06,0,0.0,No forecast demand
53,ST022,MD034,Mid-range,44100.0,0.0,0,0.0,0.0,0,0.0,No forecast demand
53,ST022,MD035,Mid-range,32400.0,0.5,0,0.5625,1.736111111111111e-05,0,0.0,No forecast demand
53,ST022,MD036,Mid-range,36400.0,0.0,0,0.0,0.0,0,0.0,No forecast demand
53,ST022,MD037,Mid-range,35400.0,0.0,0,0.0,0.0,0,0.0,No forecast demand
53,ST022,MD040,Upper-mid,60000.0,0.0,0,0.0,0.0,0,0.0,No forecast demand
53,ST022,MD041,Upper-mid,69300.0,0.25,0,0.21875,3.1565656565656566e-06,0,0.0,No forecast demand
53,ST022,MD042,Upper-mid,48300.0,0.0,0,0.0,0.0,0,0.0,No forecast demand
53,ST022,MD043,Upper-mid,59500.0,0.25,0,0.21875,3.6764705882352942e-06,0,0.0,No forecast demand
53,ST022,MD044,Upper-mid,66900.0,0.25,0,0.21875,3.2698056801195814e-06,0,0.0,No forecast demand
53,ST022,MD045,Upper-mid,52500.0,0.0,0,0.0,0.0,0,0.0,No forecast demand
53,ST022,MD046,Upper-mid,71500.0,0.0,0,0.0,0.0,0,0.0,No forecast demand
53,ST022,MD047,Upper-mid,62300.0,0.0,0,0.0,0.0,0,0.0,No forecast demand
53,ST022,MD048,Upper-mid,59900.0,0.0,0,0.0,0.0,0,0.0,No forecast demand
53,ST022,MD049,Premium,70500.0,0.0,0,0.0,0.0,0,0.0,No forecast demand
53,ST022,MD050,Premium,97100.0,0.0,0,0.0,0.0,0,0.0,No forecast demand
53,ST022,MD051,Premium,82400.0,0.0,0,0.0,0.0,0,0.0,No forecast demand
53,ST022,MD052,Premium,96000.0,0.5,0,0.4375,4.557291666666667e-06,0,0.0,No forecast demand
53,ST022,MD053,Premium,82100.0,0.0,0,0.0,0.0,0,0.0,No forecast demand
53,ST022,MD054,Premium,74400.0,0.0,0,0.0,0.0,0,0.0,No forecast demand
53,ST022,MD055,Premium,75000.0,0.0,0,0.0,0.0,0,0.0,No forecast demand
53,ST022,MD056,Flagship,102800.0,0.0,0,0.0,0.0,0,0.0,No forecast demand
53,ST022,MD057,Flagship,119700.0,0.0,0,0.0,0.0,0,0.0,No forecast demand
53,ST022,MD058,Flagship,150000.0,0.0,0,0.0,0.0,0,0.0,No forecast demand
53,ST022,MD059,Flagship,128600.0,0.0,0,0.0,0.0,0,0.0,No forecast demand
53,ST022,MD060,Flagship,105100.0,0.0,0,0.0,0.0,0,0.0,No forecast demand
53,ST023,MD012,Entry,9100.0,27.0,27,30.375,0.003337912087912088,27,245700.0,Allocated based on forecast demand and priority per rupee
53,ST023,MD021,Budget,25200.0,3.25,3,3.2825,0.00013025793650793652,3,75600.0,Allocated based on forecast demand and priority per rupee
53,ST023,MD016,Budget,23300.0,3.0,3,3.375,0.00014484978540772533,3,69900.0,Allocated based on forecast demand and priority per rupee
53,ST023,MD027,Mid-range,46300.0,1.0,1,1.125,2.4298056155507558e-05,1,46300.0,Allocated based on forecast demand and priority per rupee
53,ST023,MD010,Entry,9800.0,3.75,3,4.21875,0.00043048469387755103,3,29400.0,Allocated based on forecast demand and priority per rupee
53,ST023,MD019,Budget,25600.0,1.0,1,1.0876623376623376,4.248681006493506e-05,1,25600.0,Allocated based on forecast demand and priority per rupee
53,ST023,MD002,Keypad,7900.0,1.75,1,1.6306818181818183,0.00020641542002301498,1,7900.0,Allocated based on forecast demand and priority per rupee
53,ST023,MD003,Keypad,6300.0,1.25,1,1.40625,0.0002232142857142857,1,6300.0,Allocated based on forecast demand and priority per rupee
53,ST023,MD001,Keypad,7600.0,0.75,0,0.65625,8.634868421052631e-05,0,0.0,No forecast demand
53,ST023,MD004,Keypad,8800.0,0.0,0,0.0,0.0,0,0.0,No forecast demand
53,ST023,MD005,Entry,11600.0,0.0,0,0.0,0.0,0,0.0,No forecast demand
53,ST023,MD006,Entry,13100.0,0.5,0,0.4375,3.33969465648855e-05,0,0.0,No forecast demand
53,ST023,MD007,Entry,14300.0,0.0,0,0.0,0.0,0,0.0,No forecast demand
53,ST023,MD008,Entry,8500.0,0.0,0,0.0,0.0,0,0.0,No forecast demand
53,ST023,MD009,Entry,11500.0,0.0,0,0.0,0.0,0,0.0,No forecast demand
53,ST023,MD011,Entry,12100.0,0.0,0,0.0,0.0,0,0.0,No forecast demand
53,ST023,MD013,Entry,14500.0,0.0,0,0.0,0.0,0,0.0,No forecast demand
53,ST023,MD014,Budget,20600.0,0.0,0,0.0,0.0,0,0.0,No forecast demand
53,ST023,MD015,Budget,16700.0,0.25,0,0.21875,1.309880239520958e-05,0,0.0,No forecast demand
53,ST023,MD017,Budget,19500.0,0.0,0,0.0,0.0,0,0.0,No forecast demand
53,ST023,MD018,Budget,15900.0,0.5,0,0.5625,3.537735849056604e-05,0,0.0,No forecast demand
53,ST023,MD020,Budget,19500.0,0.25,0,0.21875,1.1217948717948719e-05,0,0.0,No forecast demand
53,ST023,MD022,Budget,21400.0,0.0,0,0.0,0.0,0,0.0,No forecast demand
53,ST023,MD023,Budget,21300.0,0.0,0,0.0,0.0,0,0.0,No forecast demand
53,ST023,MD024,Budget,16600.0,0.25,0,0.21875,1.3177710843373494e-05,0,0.0,No forecast demand
53,ST023,MD025,Budget,16000.0,0.0,0,0.0,0.0,0,0.0,No forecast demand
53,ST023,MD026,Mid-range,31900.0,0.0,0,0.0,0.0,0,0.0,No forecast demand
53,ST023,MD028,Mid-range,36500.0,0.0,0,0.0,0.0,0,0.0,No forecast demand
53,ST023,MD029,Mid-range,31600.0,0.0,0,0.0,0.0,0,0.0,No forecast demand
53,ST023,MD030,Mid-range,27200.0,0.25,0,0.21875,8.042279411764706e-06,0,0.0,No forecast demand
53,ST023,MD031,Mid-range,38400.0,0.0,0,0.0,0.0,0,0.0,No forecast demand
53,ST023,MD032,Mid-range,42200.0,0.0,0,0.0,0.0,0,0.0,No forecast demand
53,ST023,MD033,Mid-range,36100.0,0.0,0,0.0,0.0,0,0.0,No forecast demand
53,ST023,MD034,Mid-range,44100.0,0.0,0,0.0,0.0,0,0.0,No forecast demand
53,ST023,MD035,Mid-range,32400.0,0.0,0,0.0,0.0,0,0.0,No forecast demand
53,ST023,MD036,Mid-range,36400.0,0.0,0,0.0,0.0,0,0.0,No forecast demand
53,ST023,MD037,Mid-range,35400.0,0.25,0,0.21875,6.179378531073446e-06,0,0.0,No forecast demand
53,ST023,MD038,Mid-range,39900.0,0.5,0,0.5625,1.4097744360902256e-05,0,0.0,No forecast demand
53,ST023,MD039,Upper-mid,51000.0,0.5,0,0.4375,8.57843137254902e-06,0,0.0,No forecast demand
53,ST023,MD040,Upper-mid,60000.0,0.0,0,0.0,0.0,0,0.0,No forecast demand
53,ST023,MD041,Upper-mid,69300.0,0.0,0,0.0,0.0,0,0.0,No forecast demand
53,ST023,MD042,Upper-mid,48300.0,0.0,0,0.0,0.0,0,0.0,No forecast demand
53,ST023,MD043,Upper-mid,59500.0,0.25,0,0.28125,4.726890756302521e-06,0,0.0,No forecast demand
53,ST023,MD044,Upper-mid,66900.0,0.25,0,0.28125,4.204035874439462e-06,0,0.0,No forecast demand
53,ST023,MD045,Upper-mid,52500.0,0.0,0,0.0,0.0,0,0.0,No forecast demand
53,ST023,MD046,Upper-mid,71500.0,0.0,0,0.0,0.0,0,0.0,No forecast demand
53,ST023,MD047,Upper-mid,62300.0,0.0,0,0.0,0.0,0,0.0,No forecast demand
53,ST023,MD048,Upper-mid,59900.0,0.0,0,0.0,0.0,0,0.0,No forecast demand
53,ST023,MD049,Premium,70500.0,0.0,0,0.0,0.0,0,0.0,No forecast demand
53,ST023,MD050,Premium,97100.0,0.0,0,0.0,0.0,0,0.0,No forecast demand
53,ST023,MD051,Premium,82400.0,0.0,0,0.0,0.0,0,0.0,No forecast demand
53,ST023,MD052,Premium,96000.0,0.0,0,0.0,0.0,0,0.0,No forecast demand
53,ST023,MD053,Premium,82100.0,0.0,0,0.0,0.0,0,0.0,No forecast demand
53,ST023,MD054,Premium,74400.0,0.0,0,0.0,0.0,0,0.0,No forecast demand
53,ST023,MD055,Premium,75000.0,0.0,0,0.0,0.0,0,0.0,No forecast demand
53,ST023,MD056,Flagship,102800.0,0.0,0,0.0,0.0,0,0.0,No forecast demand
53,ST023,MD057,Flagship,119700.0,0.0,0,0.0,0.0,0,0.0,No forecast demand
53,ST023,MD058,Flagship,150000.0,0.0,0,0.0,0.0,0,0.0,No forecast demand
53,ST023,MD059,Flagship,128600.0,0.0,0,0.0,0.0,0,0.0,No forecast demand
53,ST023,MD060,Flagship,105100.0,0.0,0,0.0,0.0,0,0.0,No forecast demand
53,ST024,MD016,Budget,23300.0,8.0,8,9.0,0.00038626609442060086,8,186400.0,Allocated based on forecast demand and priority per rupee
53,ST024,MD012,Entry,9100.0,15.25,15,17.15625,0.0018853021978021977,15,136500.0,Allocated based on forecast demand and priority per rupee
53,ST024,MD038,Mid-range,39900.0,3.5,3,3.9375,9.868421052631579e-05,3,119700.0,Allocated based on forecast demand and priority per rupee
53,ST024,MD010,Entry,9800.0,11.5,11,12.9375,0.0013201530612244898,11,107800.0,Allocated based on forecast demand and priority per rupee
53,ST024,MD021,Budget,25200.0,3.75,3,4.21875,0.0001674107142857143,3,75600.0,Allocated based on forecast demand and priority per rupee
53,ST024,MD019,Budget,25600.0,2.75,2,2.7544354838709673,0.00010759513608870965,2,51200.0,Allocated based on forecast demand and priority per rupee
53,ST024,MD002,Keypad,7900.0,1.5,1,1.3125,0.00016613924050632912,1,7900.0,Allocated based on forecast demand and priority per rupee
53,ST024,MD003,Keypad,6300.0,1.0,1,1.125,0.00017857142857142857,1,6300.0,Allocated based on forecast demand and priority per rupee
53,ST024,MD001,Keypad,7600.0,0.25,0,0.21875,2.8782894736842105e-05,0,0.0,No forecast demand
53,ST024,MD004,Keypad,8800.0,0.0,0,0.0,0.0,0,0.0,No forecast demand
53,ST024,MD005,Entry,11600.0,0.25,0,0.21875,1.8857758620689656e-05,0,0.0,No forecast demand
53,ST024,MD006,Entry,13100.0,0.75,0,0.6571601941747572,5.016490031868376e-05,0,0.0,No forecast demand
53,ST024,MD007,Entry,14300.0,0.0,0,0.0,0.0,0,0.0,No forecast demand
53,ST024,MD008,Entry,8500.0,0.0,0,0.0,0.0,0,0.0,No forecast demand
53,ST024,MD009,Entry,11500.0,0.0,0,0.0,0.0,0,0.0,No forecast demand
53,ST024,MD011,Entry,12100.0,0.25,0,0.21875,1.8078512396694216e-05,0,0.0,No forecast demand
53,ST024,MD013,Entry,14500.0,0.0,0,0.0,0.0,0,0.0,No forecast demand
53,ST024,MD014,Budget,20600.0,0.0,0,0.0,0.0,0,0.0,No forecast demand
53,ST024,MD015,Budget,16700.0,0.75,0,0.65625,3.9296407185628745e-05,0,0.0,No forecast demand
53,ST024,MD017,Budget,19500.0,0.25,0,0.21875,1.1217948717948719e-05,0,0.0,No forecast demand
53,ST024,MD018,Budget,15900.0,0.5,0,0.5024509803921569,3.160069059070169e-05,0,0.0,No forecast demand
53,ST024,MD020,Budget,19500.0,0.25,0,0.21875,1.1217948717948719e-05,0,0.0,No forecast demand
53,ST024,MD022,Budget,21400.0,0.0,0,0.0,0.0,0,0.0,No forecast demand
53,ST024,MD023,Budget,21300.0,0.0,0,0.0,0.0,0,0.0,No forecast demand
53,ST024,MD024,Budget,16600.0,0.25,0,0.24166666666666667,1.4558232931726908e-05,0,0.0,No forecast demand
53,ST024,MD025,Budget,16000.0,0.0,0,0.0,0.0,0,0.0,No forecast demand
53,ST024,MD026,Mid-range,31900.0,0.0,0,0.0,0.0,0,0.0,No forecast demand
53,ST024,MD027,Mid-range,46300.0,0.75,0,0.84375,1.822354211663067e-05,0,0.0,No forecast demand
53,ST024,MD028,Mid-range,36500.0,0.0,0,0.0,0.0,0,0.0,No forecast demand
53,ST024,MD029,Mid-range,31600.0,0.0,0,0.0,0.0,0,0.0,No forecast demand
53,ST024,MD030,Mid-range,27200.0,0.5,0,0.4375,1.6084558823529413e-05,0,0.0,No forecast demand
53,ST024,MD031,Mid-range,38400.0,0.0,0,0.0,0.0,0,0.0,No forecast demand
53,ST024,MD032,Mid-range,42200.0,0.25,0,0.28125,6.664691943127962e-06,0,0.0,No forecast demand
53,ST024,MD033,Mid-range,36100.0,0.0,0,0.0,0.0,0,0.0,No forecast demand
53,ST024,MD034,Mid-range,44100.0,0.0,0,0.0,0.0,0,0.0,No forecast demand
53,ST024,MD035,Mid-range,32400.0,0.0,0,0.0,0.0,0,0.0,No forecast demand
53,ST024,MD036,Mid-range,36400.0,0.0,0,0.0,0.0,0,0.0,No forecast demand
53,ST024,MD037,Mid-range,35400.0,0.25,0,0.28125,7.944915254237288e-06,0,0.0,No forecast demand
53,ST024,MD039,Upper-mid,51000.0,0.25,0,0.21875,4.28921568627451e-06,0,0.0,No forecast demand
53,ST024,MD040,Upper-mid,60000.0,0.0,0,0.0,0.0,0,0.0,No forecast demand
53,ST024,MD041,Upper-mid,69300.0,0.0,0,0.0,0.0,0,0.0,No forecast demand
53,ST024,MD042,Upper-mid,48300.0,0.0,0,0.0,0.0,0,0.0,No forecast demand
53,ST024,MD043,Upper-mid,59500.0,0.5,0,0.4375,7.3529411764705884e-06,0,0.0,No forecast demand
53,ST024,MD044,Upper-mid,66900.0,0.0,0,0.0,0.0,0,0.0,No forecast demand
53,ST024,MD045,Upper-mid,52500.0,0.25,0,0.28125,5.357142857142857e-06,0,0.0,No forecast demand
53,ST024,MD046,Upper-mid,71500.0,0.25,0,0.21875,3.0594405594405594e-06,0,0.0,No forecast demand
53,ST024,MD047,Upper-mid,62300.0,0.0,0,0.0,0.0,0,0.0,No forecast demand
53,ST024,MD048,Upper-mid,59900.0,0.0,0,0.0,0.0,0,0.0,No forecast demand
53,ST024,MD049,Premium,70500.0,0.0,0,0.0,0.0,0,0.0,No forecast demand
53,ST024,MD050,Premium,97100.0,0.0,0,0.0,0.0,0,0.0,No forecast demand
53,ST024,MD051,Premium,82400.0,0.0,0,0.0,0.0,0,0.0,No forecast demand
53,ST024,MD052,Premium,96000.0,0.0,0,0.0,0.0,0,0.0,No forecast demand
53,ST024,MD053,Premium,82100.0,0.0,0,0.0,0.0,0,0.0,No forecast demand
53,ST024,MD054,Premium,74400.0,0.0,0,0.0,0.0,0,0.0,No forecast demand
53,ST024,MD055,Premium,75000.0,0.0,0,0.0,0.0,0,0.0,No forecast demand
53,ST024,MD056,Flagship,102800.0,0.0,0,0.0,0.0,0,0.0,No forecast demand
53,ST024,MD057,Flagship,119700.0,0.0,0,0.0,0.0,0,0.0,No forecast demand
53,ST024,MD058,Flagship,150000.0,0.0,0,0.0,0.0,0,0.0,No forecast demand
53,ST024,MD059,Flagship,128600.0,0.0,0,0.0,0.0,0,0.0,No forecast demand
53,ST024,MD060,Flagship,105100.0,0.0,0,0.0,0.0,0,0.0,No forecast demand
53,ST025,MD010,Entry,9800.0,17.25,17,19.40625,0.0019802295918367346,17,166600.0,Allocated based on forecast demand and priority per rupee
53,ST025,MD012,Entry,9100.0,16.25,16,18.28125,0.0020089285714285712,16,145600.0,Allocated based on forecast demand and priority per rupee
53,ST025,MD016,Budget,23300.0,6.5,6,7.3125,0.0003138412017167382,6,139800.0,Allocated based on forecast demand and priority per rupee
53,ST025,MD021,Budget,25200.0,4.75,4,5.34375,0.00021205357142857142,4,100800.0,Allocated based on forecast demand and priority per rupee
53,ST025,MD027,Mid-range,46300.0,2.0,2,2.25,4.8596112311015116e-05,2,92600.0,Allocated based on forecast demand and priority per rupee
53,ST025,MD035,Mid-range,32400.0,2.0,2,1.75,5.401234567901235e-05,2,64800.0,Allocated based on forecast demand and priority per rupee
53,ST025,MD024,Budget,16600.0,1.25,1,1.09375,6.588855421686747e-05,1,16600.0,Allocated based on forecast demand and priority per rupee
53,ST025,MD003,Keypad,6300.0,2.25,2,2.53125,0.0004017857142857143,2,12600.0,Allocated based on forecast demand and priority per rupee
53,ST025,MD002,Keypad,7900.0,1.25,1,1.09375,0.0001384493670886076,1,7900.0,Allocated based on forecast demand and priority per rupee
53,ST025,MD001,Keypad,7600.0,0.25,0,0.2326388888888889,3.061038011695907e-05,0,0.0,No forecast demand
53,ST025,MD004,Keypad,8800.0,0.0,0,0.0,0.0,0,0.0,No forecast demand
53,ST025,MD005,Entry,11600.0,0.25,0,0.21875,1.8857758620689656e-05,0,0.0,No forecast demand
53,ST025,MD006,Entry,13100.0,0.25,0,0.22916666666666666,1.7493638676844782e-05,0,0.0,No forecast demand
53,ST025,MD007,Entry,14300.0,0.5,0,0.5625,3.9335664335664336e-05,0,0.0,No forecast demand
53,ST025,MD008,Entry,8500.0,0.0,0,0.0,0.0,0,0.0,No forecast demand
53,ST025,MD009,Entry,11500.0,0.25,0,0.21875,1.902173913043478e-05,0,0.0,No forecast demand
53,ST025,MD011,Entry,12100.0,0.0,0,0.0,0.0,0,0.0,No forecast demand
53,ST025,MD013,Entry,14500.0,0.0,0,0.0,0.0,0,0.0,No forecast demand
53,ST025,MD014,Budget,20600.0,0.0,0,0.0,0.0,0,0.0,No forecast demand
53,ST025,MD015,Budget,16700.0,0.25,0,0.21875,1.309880239520958e-05,0,0.0,No forecast demand
53,ST025,MD017,Budget,19500.0,0.25,0,0.21875,1.1217948717948719e-05,0,0.0,No forecast demand
53,ST025,MD018,Budget,15900.0,0.25,0,0.21875,1.3757861635220125e-05,0,0.0,No forecast demand
53,ST025,MD019,Budget,25600.0,0.5,0,0.46785714285714286,1.8275669642857143e-05,0,0.0,No forecast demand
53,ST025,MD020,Budget,19500.0,0.0,0,0.0,0.0,0,0.0,No forecast demand
53,ST025,MD022,Budget,21400.0,0.0,0,0.0,0.0,0,0.0,No forecast demand
53,ST025,MD023,Budget,21300.0,0.0,0,0.0,0.0,0,0.0,No forecast demand
53,ST025,MD025,Budget,16000.0,0.0,0,0.0,0.0,0,0.0,No forecast demand
53,ST025,MD026,Mid-range,31900.0,0.0,0,0.0,0.0,0,0.0,No forecast demand
53,ST025,MD028,Mid-range,36500.0,0.0,0,0.0,0.0,0,0.0,No forecast demand
53,ST025,MD029,Mid-range,31600.0,0.0,0,0.0,0.0,0,0.0,No forecast demand
53,ST025,MD030,Mid-range,27200.0,0.25,0,0.21875,8.042279411764706e-06,0,0.0,No forecast demand
53,ST025,MD031,Mid-range,38400.0,0.0,0,0.0,0.0,0,0.0,No forecast demand
53,ST025,MD032,Mid-range,42200.0,0.25,0,0.21875,5.183649289099526e-06,0,0.0,No forecast demand
53,ST025,MD033,Mid-range,36100.0,0.0,0,0.0,0.0,0,0.0,No forecast demand
53,ST025,MD034,Mid-range,44100.0,0.0,0,0.0,0.0,0,0.0,No forecast demand
53,ST025,MD036,Mid-range,36400.0,0.0,0,0.0,0.0,0,0.0,No forecast demand
53,ST025,MD037,Mid-range,35400.0,0.0,0,0.0,0.0,0,0.0,No forecast demand
53,ST025,MD038,Mid-range,39900.0,0.25,0,0.21875,5.482456140350877e-06,0,0.0,No forecast demand
53,ST025,MD039,Upper-mid,51000.0,0.5,0,0.5625,1.1029411764705883e-05,0,0.0,No forecast demand
53,ST025,MD040,Upper-mid,60000.0,0.0,0,0.0,0.0,0,0.0,No forecast demand
53,ST025,MD041,Upper-mid,69300.0,0.25,0,0.21875,3.1565656565656566e-06,0,0.0,No forecast demand
53,ST025,MD042,Upper-mid,48300.0,0.0,0,0.0,0.0,0,0.0,No forecast demand
53,ST025,MD043,Upper-mid,59500.0,0.25,0,0.21875,3.6764705882352942e-06,0,0.0,No forecast demand
53,ST025,MD044,Upper-mid,66900.0,0.25,0,0.28125,4.204035874439462e-06,0,0.0,No forecast demand
53,ST025,MD045,Upper-mid,52500.0,0.0,0,0.0,0.0,0,0.0,No forecast demand
53,ST025,MD046,Upper-mid,71500.0,0.25,0,0.21875,3.0594405594405594e-06,0,0.0,No forecast demand
53,ST025,MD047,Upper-mid,62300.0,0.0,0,0.0,0.0,0,0.0,No forecast demand
53,ST025,MD048,Upper-mid,59900.0,0.0,0,0.0,0.0,0,0.0,No forecast demand
53,ST025,MD049,Premium,70500.0,0.0,0,0.0,0.0,0,0.0,No forecast demand
53,ST025,MD050,Premium,97100.0,0.0,0,0.0,0.0,0,0.0,No forecast demand
53,ST025,MD051,Premium,82400.0,0.0,0,0.0,0.0,0,0.0,No forecast demand
53,ST025,MD052,Premium,96000.0,0.0,0,0.0,0.0,0,0.0,No forecast demand
53,ST025,MD053,Premium,82100.0,0.0,0,0.0,0.0,0,0.0,No forecast demand
53,ST025,MD054,Premium,74400.0,0.0,0,0.0,0.0,0,0.0,No forecast demand
53,ST025,MD055,Premium,75000.0,0.0,0,0.0,0.0,0,0.0,No forecast demand
53,ST025,MD056,Flagship,102800.0,0.0,0,0.0,0.0,0,0.0,No forecast demand
53,ST025,MD057,Flagship,119700.0,0.0,0,0.0,0.0,0,0.0,No forecast demand
53,ST025,MD058,Flagship,150000.0,0.0,0,0.0,0.0,0,0.0,No forecast demand
53,ST025,MD059,Flagship,128600.0,0.0,0,0.0,0.0,0,0.0,No forecast demand
53,ST025,MD060,Flagship,105100.0,0.0,0,0.0,0.0,0,0.0,No forecast demand
